Country_code,Country,Joy factors,Year,Value 2 (+),Value 1 (+),Value 3 (+),Value 5 (+/-),Value 4 (+/-),Value 6 (+/-),index
AT,Austria,Happiness,01,6,0.1122,8223696,-6,-0.1122,8223696,1
AT,Austria,Happiness,02,8,0.0918,64573220,-8,-0.0918,-64573220,1
AT,Austria,Happiness,03,16,0.0918,82882182,-16,0.0918,82882182,1
AT,Austria,Happiness,04,17,0.0969,94046233,17,-0.0969,-94046233,1
AT,Austria,Happiness,05,8,0.0918,3760493,8,0.0918,3760493,1
AT,Austria,Happiness,06,10,0.0969,11411245,-10,-0.0969,11411245,1
AT,Austria,Happiness,07,4,0.0969,15676964,-4,-0.0969,15676964,1
BE,Belgium,Happiness,01,22,0.1122,90069337,-22,-0.1122,-90069337,1
BE,Belgium,Happiness,02,19,0.0918,36621745,19,0.0918,-36621745,1
BE,Belgium,Happiness,03,28,0.0918,11703682,28,-0.0918,-11703682,1
BE,Belgium,Happiness,04,28,0.0969,52743273,-28,-0.0969,52743273,1
BE,Belgium,Happiness,05,23,0.0918,29275231,23,0.0918,29275231,1
BE,Belgium,Happiness,06,29,0.0969,96342143,-29,0.0969,-96342143,1
BE,Belgium,Happiness,07,17,0.0969,52659612,17,-0.0969,52659612,1
BG,Bulgaria,Happiness,01,20,0.1122,29618522,20,-0.1122,-29618522,1
BG,Bulgaria,Happiness,02,24,0.0918,38129021,-24,0.0918,38129021,1
BG,Bulgaria,Happiness,03,39,0.0918,45573480,-39,-0.0918,45573480,1
BG,Bulgaria,Happiness,04,22,0.0969,8888313,22,0.0969,8888313,1
BG,Bulgaria,Happiness,05,29,0.0918,87876023,29,-0.0918,87876023,1
BG,Bulgaria,Happiness,06,49,0.0969,84136617,49,-0.0969,-84136617,1
BG,Bulgaria,Happiness,07,13,0.0969,48651201,13,0.0969,48651201,1
CY,Cyprus,Happiness,01,3,0.1122,110597064,-3,0.1122,-110597064,1
CY,Cyprus,Happiness,02,8,0.0918,83930549,8,0.0918,-83930549,1
CY,Cyprus,Happiness,03,9,0.0918,21827161,9,-0.0918,-21827161,1
CY,Cyprus,Happiness,04,10,0.0969,61826362,10,-0.0969,61826362,1
CY,Cyprus,Happiness,05,11,0.0918,18006151,11,-0.0918,18006151,1
CY,Cyprus,Happiness,06,5,0.0969,54234990,-5,0.0969,-54234990,1
CY,Cyprus,Happiness,07,1,0.0969,58166563,1,-0.0969,58166563,1
CZ,Czechia,Happiness,01,12,0.1122,99514491,-12,0.1122,99514491,1
CZ,Czechia,Happiness,02,25,0.0918,89879689,-25,-0.0918,-89879689,1
CZ,Czechia,Happiness,03,24,0.0918,29768495,24,0.0918,-29768495,1
CZ,Czechia,Happiness,04,33,0.0969,17094423,-33,-0.0969,-17094423,1
CZ,Czechia,Happiness,05,22,0.0918,48762291,-22,-0.0918,48762291,1
CZ,Czechia,Happiness,06,37,0.0969,31424587,-37,-0.0969,-31424587,1
CZ,Czechia,Happiness,07,5,0.0969,66188589,5,-0.0969,66188589,1
DE,Germany,Happiness,01,53,0.1122,109598285,53,0.1122,-109598285,1
DE,Germany,Happiness,02,78,0.0918,40780822,-78,0.0918,-40780822,1
DE,Germany,Happiness,03,40,0.0918,39411086,40,0.0918,39411086,1
DE,Germany,Happiness,04,20,0.0969,1870248,20,-0.0969,-1870248,1
DE,Germany,Happiness,05,34,0.0918,58839441,34,0.0918,-58839441,1
DE,Germany,Happiness,06,37,0.0969,89318765,-37,-0.0969,89318765,1
DE,Germany,Happiness,07,30,0.0969,94744656,30,-0.0969,-94744656,1
DK,Denmark,Happiness,01,38,0.1122,79292985,38,0.1122,79292985,1
DK,Denmark,Happiness,02,23,0.0918,7925581,23,-0.0918,7925581,1
DK,Denmark,Happiness,03,24,0.0918,8573022,24,0.0918,-8573022,1
DK,Denmark,Happiness,04,32,0.0969,29278971,32,0.0969,29278971,1
DK,Denmark,Happiness,05,27,0.0918,72739705,-27,-0.0918,72739705,1
DK,Denmark,Happiness,06,24,0.0969,5827585,-24,-0.0969,5827585,1
DK,Denmark,Happiness,07,34,0.0969,71142099,34,-0.0969,71142099,1
EE,Estonia,Happiness,01,31,0.1122,18204370,-31,-0.1122,18204370,1
EE,Estonia,Happiness,02,27,0.0918,49032601,-27,-0.0918,-49032601,1
EE,Estonia,Happiness,03,25,0.0918,46840614,-25,-0.0918,46840614,1
EE,Estonia,Happiness,04,21,0.0969,51686320,-21,-0.0969,-51686320,1
EE,Estonia,Happiness,05,21,0.0918,25710269,21,0.0918,25710269,1
EE,Estonia,Happiness,06,28,0.0969,71440987,-28,0.0969,71440987,1
EE,Estonia,Happiness,07,16,0.0969,29981461,-16,0.0969,-29981461,1
EL,Greece,Happiness,01,2,0.1122,52425713,2,-0.1122,52425713,1
EL,Greece,Happiness,02,11,0.0918,77999671,11,-0.0918,77999671,1
EL,Greece,Happiness,03,11,0.0918,42007607,11,0.0918,-42007607,1
EL,Greece,Happiness,04,7,0.0969,13438407,7,0.0969,13438407,1
EL,Greece,Happiness,05,7,0.0918,27490389,7,-0.0918,-27490389,1
EL,Greece,Happiness,06,7,0.0969,65865320,-7,0.0969,65865320,1
EL,Greece,Happiness,07,1,0.0969,14950080,1,0.0969,-14950080,1
ES,Spain,Happiness,01,16,0.1122,104438895,-16,0.1122,-104438895,1
ES,Spain,Happiness,02,23,0.0918,65804815,23,-0.0918,-65804815,1
ES,Spain,Happiness,03,20,0.0918,60990764,-20,-0.0918,-60990764,1
ES,Spain,Happiness,04,27,0.0969,44554752,27,0.0969,44554752,1
ES,Spain,Happiness,05,14,0.0918,89486323,14,-0.0918,-89486323,1
ES,Spain,Happiness,06,17,0.0969,56424422,17,0.0969,56424422,1
ES,Spain,Happiness,07,14,0.0969,79829605,-14,-0.0969,-79829605,1
FI,Finland,Happiness,01,29,0.1122,22330226,-29,-0.1122,22330226,1
FI,Finland,Happiness,02,14,0.0918,70725462,-14,-0.0918,-70725462,1
FI,Finland,Happiness,03,27,0.0918,56504888,27,-0.0918,-56504888,1
FI,Finland,Happiness,04,33,0.0969,95522893,-33,0.0969,-95522893,1
FI,Finland,Happiness,05,28,0.0918,82329417,-28,0.0918,82329417,1
FI,Finland,Happiness,06,26,0.0969,53595430,-26,0.0969,53595430,1
FI,Finland,Happiness,07,17,0.0969,2439621,17,0.0969,2439621,1
FR,France,Happiness,01,42,0.1122,75107301,42,0.1122,-75107301,1
FR,France,Happiness,02,32,0.0918,21113778,-32,0.0918,-21113778,1
FR,France,Happiness,03,38,0.0918,27640637,-38,0.0918,-27640637,1
FR,France,Happiness,04,44,0.0969,12007672,44,0.0969,-12007672,1
FR,France,Happiness,05,32,0.0918,64121053,32,-0.0918,-64121053,1
FR,France,Happiness,06,38,0.0969,96491069,38,0.0969,-96491069,1
FR,France,Happiness,07,21,0.0969,31723999,21,-0.0969,-31723999,1
HR,Croatia,Happiness,01,15,0.1122,109201357,-15,0.1122,109201357,1
HR,Croatia,Happiness,02,25,0.0918,23677071,25,-0.0918,23677071,1
HR,Croatia,Happiness,03,16,0.0918,18103164,16,0.0918,18103164,1
HR,Croatia,Happiness,04,17,0.0969,25228065,-17,0.0969,25228065,1
HR,Croatia,Happiness,05,14,0.0918,58225052,14,0.0918,58225052,1
HR,Croatia,Happiness,06,30,0.0969,92530847,30,-0.0969,-92530847,1
HR,Croatia,Happiness,07,9,0.0969,52194129,-9,0.0969,-52194129,1
HU,Hungary,Happiness,01,10,0.1122,46365173,10,-0.1122,46365173,1
HU,Hungary,Happiness,02,12,0.0918,67414200,-12,-0.0918,-67414200,1
HU,Hungary,Happiness,03,18,0.0918,71272993,-18,-0.0918,-71272993,1
HU,Hungary,Happiness,04,13,0.0969,22320295,-13,-0.0969,-22320295,1
HU,Hungary,Happiness,05,24,0.0918,80654256,24,0.0918,80654256,1
HU,Hungary,Happiness,06,22,0.0969,41837742,-22,0.0969,-41837742,1
HU,Hungary,Happiness,07,9,0.0969,93481879,9,-0.0969,-93481879,1
AT,Austria,Happiness,08,16,0.0566,18022711,-16,-0.0566,-18022711,1
AT,Austria,Happiness,09,15,0.0721,38713248,-15,-0.0721,-38713248,1
AT,Austria,Happiness,10,28,0.0721,7515812,28,-0.0721,7515812,1
AT,Austria,Happiness,11,35,0.0772,51794489,35,0.0772,-51794489,1
AT,Austria,Happiness,12,31,0.0824,56453210,31,-0.0824,-56453210,1
AT,Austria,Happiness,13,34,0.0875,82082611,34,-0.0875,-82082611,1
AT,Austria,Happiness,14,21,0.0875,79412923,-21,-0.0875,79412923,1
BE,Belgium,Happiness,08,12,0.0566,37405296,12,0.0566,37405296,1
BE,Belgium,Happiness,09,13,0.0721,1365676,13,0.0721,-1365676,1
BE,Belgium,Happiness,10,9,0.0721,27080470,9,0.0721,27080470,1
BE,Belgium,Happiness,11,21,0.0772,443997,-21,0.0772,-443997,1
BE,Belgium,Happiness,12,14,0.0824,34163726,-14,0.0824,34163726,1
BE,Belgium,Happiness,13,19,0.0875,74538706,-19,-0.0875,74538706,1
BE,Belgium,Happiness,14,10,0.0875,4146997,-10,-0.0875,-4146997,1
BG,Bulgaria,Happiness,08,15,0.0566,20379604,15,-0.0566,-20379604,1
BG,Bulgaria,Happiness,09,26,0.0721,37552047,26,-0.0721,37552047,1
BG,Bulgaria,Happiness,10,15,0.0721,2494157,-15,-0.0721,-2494157,1
BG,Bulgaria,Happiness,11,25,0.0772,64931013,-25,-0.0772,-64931013,1
BG,Bulgaria,Happiness,12,23,0.0824,77147570,-23,0.0824,-77147570,1
BG,Bulgaria,Happiness,13,28,0.0875,7218898,-28,0.0875,-7218898,1
BG,Bulgaria,Happiness,14,9,0.0875,5934799,-9,0.0875,-5934799,1
CY,Cyprus,Happiness,08,1,0.0566,19840123,1,-0.0566,-19840123,1
CY,Cyprus,Happiness,09,3,0.0721,22300551,3,-0.0721,-22300551,1
CY,Cyprus,Happiness,10,7,0.0721,60664780,-7,0.0721,-60664780,1
CY,Cyprus,Happiness,11,12,0.0772,40958389,-12,0.0772,-40958389,1
CY,Cyprus,Happiness,12,7,0.0824,60100972,-7,0.0824,-60100972,1
CY,Cyprus,Happiness,13,8,0.0875,22178345,8,0.0875,-22178345,1
CY,Cyprus,Happiness,14,3,0.0875,52826595,3,-0.0875,-52826595,1
CZ,Czechia,Happiness,08,25,0.0566,47062545,-25,-0.0566,-47062545,1
CZ,Czechia,Happiness,09,46,0.0721,71480194,-46,-0.0721,-71480194,1
CZ,Czechia,Happiness,10,46,0.0721,17734555,46,-0.0721,-17734555,1
CZ,Czechia,Happiness,11,46,0.0772,30395006,46,-0.0772,-30395006,1
CZ,Czechia,Happiness,12,43,0.0824,35051238,43,0.0824,35051238,1
CZ,Czechia,Happiness,13,55,0.0875,50616152,55,0.0875,-50616152,1
CZ,Czechia,Happiness,14,22,0.0875,44201688,22,0.0875,44201688,1
DE,Germany,Happiness,08,68,0.0566,9800010,-68,-0.0566,9800010,1
DE,Germany,Happiness,09,113,0.0721,57901292,113,-0.0721,-57901292,1
DE,Germany,Happiness,10,19,0.0721,36977293,-19,-0.0721,-36977293,1
DE,Germany,Happiness,11,31,0.0772,75746184,-31,0.0772,75746184,1
DE,Germany,Happiness,12,43,0.0824,45998443,-43,0.0824,45998443,1
DE,Germany,Happiness,13,51,0.0875,5626166,51,0.0875,5626166,1
DE,Germany,Happiness,14,40,0.0875,86334915,40,0.0875,-86334915,1
DK,Denmark,Happiness,08,12,0.0566,17916104,-12,-0.0566,17916104,1
DK,Denmark,Happiness,09,17,0.0721,55254298,17,-0.0721,-55254298,1
DK,Denmark,Happiness,10,16,0.0721,68933732,-16,0.0721,-68933732,1
DK,Denmark,Happiness,11,16,0.0772,77162941,-16,-0.0772,-77162941,1
DK,Denmark,Happiness,12,13,0.0824,69035834,13,0.0824,-69035834,1
DK,Denmark,Happiness,13,20,0.0875,12110901,-20,0.0875,12110901,1
DK,Denmark,Happiness,14,17,0.0875,29339774,-17,0.0875,-29339774,1
EE,Estonia,Happiness,08,6,0.0566,37938028,-6,-0.0566,37938028,1
EE,Estonia,Happiness,09,22,0.0721,51656952,-22,0.0721,51656952,1
EE,Estonia,Happiness,10,42,0.0721,33808121,-42,-0.0721,33808121,1
EE,Estonia,Happiness,11,35,0.0772,70058158,35,-0.0772,-70058158,1
EE,Estonia,Happiness,12,28,0.0824,24432176,-28,0.0824,24432176,1
EE,Estonia,Happiness,13,30,0.0875,85458626,-30,0.0875,85458626,1
EE,Estonia,Happiness,14,21,0.0875,14127619,-21,-0.0875,14127619,1
EL,Greece,Happiness,08,22,0.0566,28711952,22,0.0566,28711952,1
EL,Greece,Happiness,09,22,0.0721,58164931,22,0.0721,58164931,1
EL,Greece,Happiness,10,26,0.0721,22720979,-26,-0.0721,-22720979,1
EL,Greece,Happiness,11,23,0.0772,5550220,-23,0.0772,-5550220,1
EL,Greece,Happiness,12,21,0.0824,14064124,21,0.0824,-14064124,1
EL,Greece,Happiness,13,19,0.0875,73146626,-19,-0.0875,-73146626,1
EL,Greece,Happiness,14,12,0.0875,30421613,12,0.0875,30421613,1
ES,Spain,Happiness,08,3,0.0566,41133497,-3,0.0566,41133497,1
ES,Spain,Happiness,09,7,0.0721,32463503,-7,0.0721,-32463503,1
ES,Spain,Happiness,10,18,0.0721,17092399,18,0.0721,-17092399,1
ES,Spain,Happiness,11,14,0.0772,24270582,-14,-0.0772,-24270582,1
ES,Spain,Happiness,12,10,0.0824,42505725,10,-0.0824,42505725,1
ES,Spain,Happiness,13,12,0.0875,71527355,-12,-0.0875,71527355,1
ES,Spain,Happiness,14,7,0.0875,77640485,-7,-0.0875,77640485,1
FI,Finland,Happiness,08,14,0.0566,14720086,14,0.0566,14720086,1
FI,Finland,Happiness,09,13,0.0721,11570382,-13,-0.0721,-11570382,1
FI,Finland,Happiness,10,15,0.0721,69884521,15,-0.0721,-69884521,1
FI,Finland,Happiness,11,24,0.0772,56712618,24,0.0772,56712618,1
FI,Finland,Happiness,12,18,0.0824,63041553,18,-0.0824,63041553,1
FI,Finland,Happiness,13,20,0.0875,27720312,-20,0.0875,27720312,1
FI,Finland,Happiness,14,9,0.0875,34237317,9,-0.0875,-34237317,1
FR,France,Happiness,08,6,0.0566,38347405,-6,-0.0566,38347405,1
FR,France,Happiness,09,11,0.0721,28256908,-11,-0.0721,-28256908,1
FR,France,Happiness,10,6,0.0721,45671579,6,-0.0721,45671579,1
FR,France,Happiness,11,13,0.0772,29224806,-13,0.0772,-29224806,1
FR,France,Happiness,12,13,0.0824,42576906,-13,-0.0824,-42576906,1
FR,France,Happiness,13,6,0.0875,7861017,-6,0.0875,-7861017,1
FR,France,Happiness,14,10,0.0875,66029883,-10,0.0875,-66029883,1
HR,Croatia,Happiness,08,6,0.0566,48021659,-6,-0.0566,48021659,1
HR,Croatia,Happiness,09,14,0.0721,17108930,14,0.0721,17108930,1
HR,Croatia,Happiness,10,14,0.0721,53523522,-14,-0.0721,53523522,1
HR,Croatia,Happiness,11,11,0.0772,39325836,-11,-0.0772,39325836,1
HR,Croatia,Happiness,12,10,0.0824,37373753,10,0.0824,37373753,1
HR,Croatia,Happiness,13,10,0.0875,66495991,-10,-0.0875,-66495991,1
HR,Croatia,Happiness,14,7,0.0875,43422572,7,0.0875,43422572,1
HU,Hungary,Happiness,08,34,0.0566,4529001,-34,0.0566,-4529001,1
HU,Hungary,Happiness,09,40,0.0721,4448560,-40,-0.0721,-4448560,1
HU,Hungary,Happiness,10,43,0.0721,52518802,43,-0.0721,52518802,1
HU,Hungary,Happiness,11,41,0.0772,34620092,-41,-0.0772,-34620092,1
HU,Hungary,Happiness,12,42,0.0824,58942798,42,0.0824,-58942798,1
HU,Hungary,Happiness,13,54,0.0875,81461725,54,-0.0875,-81461725,1
HU,Hungary,Happiness,14,20,0.0875,707580,20,0.0875,707580,1
AT,Austria,Happiness,15,23,0.0885,1245613,-23,0.0885,-1245613,1
AT,Austria,Happiness,16,13,0.0781,11542494,13,0.0781,11542494,1
AT,Austria,Happiness,17,19,0.0729,53144935,-19,0.0729,53144935,1
AT,Austria,Happiness,18,18,0.0625,56600359,-18,0.0625,-56600359,1
AT,Austria,Happiness,19,18,0.0729,30483485,18,-0.0729,-30483485,1
AT,Austria,Happiness,20,14,0.0625,27585717,-14,-0.0625,27585717,1
AT,Austria,Happiness,21,14,0.0625,54664284,-14,0.0625,-54664284,1
BE,Belgium,Happiness,15,25,0.0885,79952521,25,-0.0885,-79952521,1
BE,Belgium,Happiness,16,21,0.0781,69708434,-21,-0.0781,-69708434,1
BE,Belgium,Happiness,17,13,0.0729,51772289,13,0.0729,-51772289,1
BE,Belgium,Happiness,18,18,0.0625,42931444,-18,0.0625,-42931444,1
BE,Belgium,Happiness,19,12,0.0729,18722740,12,0.0729,-18722740,1
BE,Belgium,Happiness,20,8,0.0625,3074823,8,-0.0625,3074823,1
BE,Belgium,Happiness,21,10,0.0625,29229042,10,-0.0625,-29229042,1
BG,Bulgaria,Happiness,15,15,0.0885,64226723,-15,0.0885,-64226723,1
BG,Bulgaria,Happiness,16,25,0.0781,62560464,25,0.0781,-62560464,1
BG,Bulgaria,Happiness,17,19,0.0729,37235695,19,-0.0729,37235695,1
BG,Bulgaria,Happiness,18,22,0.0625,10790509,-22,-0.0625,-10790509,1
BG,Bulgaria,Happiness,19,22,0.0729,8999942,22,0.0729,-8999942,1
BG,Bulgaria,Happiness,20,30,0.0625,61514687,30,0.0625,-61514687,1
BG,Bulgaria,Happiness,21,8,0.0625,25595109,8,0.0625,-25595109,1
CY,Cyprus,Happiness,15,24,0.0885,30612672,-24,0.0885,-30612672,1
CY,Cyprus,Happiness,16,19,0.0781,75099049,-19,0.0781,75099049,1
CY,Cyprus,Happiness,17,21,0.0729,1526071,21,0.0729,1526071,1
CY,Cyprus,Happiness,18,29,0.0625,61591773,-29,0.0625,61591773,1
CY,Cyprus,Happiness,19,15,0.0729,41894187,-15,-0.0729,41894187,1
CY,Cyprus,Happiness,20,12,0.0625,50397172,12,0.0625,50397172,1
CY,Cyprus,Happiness,21,9,0.0625,51258117,9,-0.0625,51258117,1
CZ,Czechia,Happiness,15,10,0.0885,10088815,-10,-0.0885,-10088815,1
CZ,Czechia,Happiness,16,11,0.0781,49248404,-11,-0.0781,49248404,1
CZ,Czechia,Happiness,17,3,0.0729,50951550,-3,-0.0729,-50951550,1
CZ,Czechia,Happiness,18,9,0.0625,58215501,9,0.0625,-58215501,1
CZ,Czechia,Happiness,19,9,0.0729,37317876,9,-0.0729,37317876,1
CZ,Czechia,Happiness,20,4,0.0625,37491984,4,-0.0625,-37491984,1
CZ,Czechia,Happiness,21,0,0.0625,2775719,0,-0.0625,2775719,1
DE,Germany,Happiness,15,20,0.0885,35099013,20,0.0885,-35099013,1
DE,Germany,Happiness,16,34,0.0781,44401258,-34,-0.0781,-44401258,1
DE,Germany,Happiness,17,9,0.0729,24122998,9,0.0729,24122998,1
DE,Germany,Happiness,18,9,0.0625,40064699,9,-0.0625,40064699,1
DE,Germany,Happiness,19,13,0.0729,57718245,-13,-0.0729,-57718245,1
DE,Germany,Happiness,20,11,0.0625,37749092,11,0.0625,37749092,1
DE,Germany,Happiness,21,12,0.0625,49684890,-12,-0.0625,49684890,1
DK,Denmark,Happiness,15,12,0.0885,23530455,-12,0.0885,-23530455,1
DK,Denmark,Happiness,16,1,0.0781,49343179,1,-0.0781,49343179,1
DK,Denmark,Happiness,17,15,0.0729,34155619,15,0.0729,34155619,1
DK,Denmark,Happiness,18,4,0.0625,57425056,4,0.0625,57425056,1
DK,Denmark,Happiness,19,7,0.0729,54078654,7,-0.0729,54078654,1
DK,Denmark,Happiness,20,2,0.0625,25403718,-2,-0.0625,25403718,1
DK,Denmark,Happiness,21,4,0.0625,8103122,4,-0.0625,-8103122,1
EE,Estonia,Happiness,15,3,0.0885,41815539,-3,-0.0885,-41815539,1
EE,Estonia,Happiness,16,10,0.0781,38560394,-10,-0.0781,38560394,1
EE,Estonia,Happiness,17,17,0.0729,59284385,17,-0.0729,-59284385,1
EE,Estonia,Happiness,18,12,0.0625,17271842,12,0.0625,17271842,1
EE,Estonia,Happiness,19,15,0.0729,2554926,15,0.0729,-2554926,1
EE,Estonia,Happiness,20,13,0.0625,17233833,13,-0.0625,-17233833,1
EE,Estonia,Happiness,21,9,0.0625,62279551,9,-0.0625,-62279551,1
EL,Greece,Happiness,15,42,0.0885,15594015,-42,0.0885,-15594015,1
EL,Greece,Happiness,16,59,0.0781,12357570,-59,0.0781,-12357570,1
EL,Greece,Happiness,17,51,0.0729,15850142,51,-0.0729,15850142,1
EL,Greece,Happiness,18,43,0.0625,18199615,-43,0.0625,-18199615,1
EL,Greece,Happiness,19,50,0.0729,53625795,50,0.0729,-53625795,1
EL,Greece,Happiness,20,51,0.0625,7307784,51,-0.0625,-7307784,1
EL,Greece,Happiness,21,26,0.0625,4504304,26,-0.0625,-4504304,1
ES,Spain,Happiness,15,27,0.0885,6733215,27,0.0885,6733215,1
ES,Spain,Happiness,16,27,0.0781,74281551,-27,0.0781,-74281551,1
ES,Spain,Happiness,17,35,0.0729,2018548,35,-0.0729,2018548,1
ES,Spain,Happiness,18,37,0.0625,23709753,37,-0.0625,-23709753,1
ES,Spain,Happiness,19,27,0.0729,14512019,-27,-0.0729,14512019,1
ES,Spain,Happiness,20,20,0.0625,5827734,20,-0.0625,-5827734,1
ES,Spain,Happiness,21,12,0.0625,41526634,12,-0.0625,41526634,1
FI,Finland,Happiness,15,19,0.0885,80137797,-19,-0.0885,-80137797,1
FI,Finland,Happiness,16,8,0.0781,76693491,-8,-0.0781,-76693491,1
FI,Finland,Happiness,17,11,0.0729,8282668,11,0.0729,-8282668,1
FI,Finland,Happiness,18,6,0.0625,38174737,-6,-0.0625,38174737,1
FI,Finland,Happiness,19,5,0.0729,7307806,-5,-0.0729,-7307806,1
FI,Finland,Happiness,20,8,0.0625,7649794,-8,0.0625,7649794,1
FI,Finland,Happiness,21,7,0.0625,47264877,7,-0.0625,-47264877,1
FR,France,Happiness,15,23,0.0885,33586126,23,-0.0885,-33586126,1
FR,France,Happiness,16,9,0.0781,50775317,-9,-0.0781,-50775317,1
FR,France,Happiness,17,26,0.0729,47632467,26,-0.0729,-47632467,1
FR,France,Happiness,18,12,0.0625,40414695,-12,0.0625,40414695,1
FR,France,Happiness,19,17,0.0729,44037397,17,-0.0729,44037397,1
FR,France,Happiness,20,15,0.0625,52448442,-15,0.0625,52448442,1
FR,France,Happiness,21,10,0.0625,23822140,10,-0.0625,23822140,1
HR,Croatia,Happiness,15,45,0.0885,12382177,45,-0.0885,12382177,1
HR,Croatia,Happiness,16,41,0.0781,31377545,41,0.0781,-31377545,1
HR,Croatia,Happiness,17,37,0.0729,45775137,-37,0.0729,45775137,1
HR,Croatia,Happiness,18,40,0.0625,47048718,-40,0.0625,47048718,1
HR,Croatia,Happiness,19,40,0.0729,34715495,-40,-0.0729,34715495,1
HR,Croatia,Happiness,20,47,0.0625,4086192,47,0.0625,-4086192,1
HR,Croatia,Happiness,21,23,0.0625,59529395,-23,-0.0625,59529395,1
HU,Hungary,Happiness,15,6,0.0885,55513615,-6,-0.0885,-55513615,1
HU,Hungary,Happiness,16,8,0.0781,2513148,8,-0.0781,2513148,1
HU,Hungary,Happiness,17,24,0.0729,37830886,24,-0.0729,37830886,1
HU,Hungary,Happiness,18,15,0.0625,7819839,-15,-0.0625,-7819839,1
HU,Hungary,Happiness,19,12,0.0729,37267360,-12,0.0729,-37267360,1
HU,Hungary,Happiness,20,11,0.0625,8054179,-11,0.0625,-8054179,1
HU,Hungary,Happiness,21,2,0.0625,41897413,-2,0.0625,-41897413,1
AT,Austria,Creativity,01,20,0.0691,32786838,-20,0.0691,32786838,1
AT,Austria,Creativity,02,26,0.0642,45393986,26,-0.0642,-45393986,1
AT,Austria,Creativity,03,22,0.0691,16101959,22,0.0691,16101959,1
AT,Austria,Creativity,04,31,0.0691,6660547,31,-0.0691,-6660547,1
AT,Austria,Creativity,05,14,0.0592,30225724,-14,-0.0592,-30225724,1
AT,Austria,Creativity,06,23,0.0642,3382747,23,-0.0642,3382747,1
AT,Austria,Creativity,07,8,0.0691,58849217,8,-0.0691,-58849217,1
BE,Belgium,Creativity,01,11,0.0691,64383669,-11,-0.0691,64383669,1
BE,Belgium,Creativity,02,23,0.0642,20263487,23,-0.0642,20263487,1
BE,Belgium,Creativity,03,27,0.0691,31822998,27,0.0691,-31822998,1
BE,Belgium,Creativity,04,20,0.0691,17465562,20,-0.0691,-17465562,1
BE,Belgium,Creativity,05,15,0.0592,12357472,15,-0.0592,12357472,1
BE,Belgium,Creativity,06,19,0.0642,25857433,19,0.0642,-25857433,1
BE,Belgium,Creativity,07,13,0.0691,32396515,-13,-0.0691,-32396515,1
BG,Bulgaria,Creativity,01,25,0.0691,54163441,25,-0.0691,-54163441,1
BG,Bulgaria,Creativity,02,39,0.0642,9100468,39,-0.0642,9100468,1
BG,Bulgaria,Creativity,03,31,0.0691,64960035,31,0.0691,64960035,1
BG,Bulgaria,Creativity,04,37,0.0691,65830352,-37,-0.0691,-65830352,1
BG,Bulgaria,Creativity,05,36,0.0592,8142939,-36,0.0592,-8142939,1
BG,Bulgaria,Creativity,06,45,0.0642,8968684,-45,0.0642,-8968684,1
BG,Bulgaria,Creativity,07,17,0.0691,8080902,17,-0.0691,8080902,1
CY,Cyprus,Creativity,01,12,0.0691,45742998,-12,0.0691,45742998,1
CY,Cyprus,Creativity,02,19,0.0642,2572359,-19,-0.0642,2572359,1
CY,Cyprus,Creativity,03,17,0.0691,30906283,17,0.0691,30906283,1
CY,Cyprus,Creativity,04,11,0.0691,44322777,-11,0.0691,44322777,1
CY,Cyprus,Creativity,05,10,0.0592,7981472,-10,-0.0592,7981472,1
CY,Cyprus,Creativity,06,16,0.0642,1577260,-16,-0.0642,-1577260,1
CY,Cyprus,Creativity,07,7,0.0691,34762709,7,0.0691,-34762709,1
CZ,Czechia,Creativity,01,18,0.0691,26378673,18,-0.0691,-26378673,1
CZ,Czechia,Creativity,02,10,0.0642,54847918,10,0.0642,-54847918,1
CZ,Czechia,Creativity,03,4,0.0691,7318235,-4,-0.0691,-7318235,1
CZ,Czechia,Creativity,04,8,0.0691,34254781,-8,0.0691,34254781,1
CZ,Czechia,Creativity,05,5,0.0592,43383839,5,-0.0592,43383839,1
CZ,Czechia,Creativity,06,4,0.0642,50560662,4,0.0642,-50560662,1
CZ,Czechia,Creativity,07,8,0.0691,59451714,8,0.0691,-59451714,1
DE,Germany,Creativity,01,53,0.0691,44405736,-53,-0.0691,-44405736,1
DE,Germany,Creativity,02,46,0.0642,5462636,-46,0.0642,5462636,1
DE,Germany,Creativity,03,33,0.0691,42925863,33,0.0691,42925863,1
DE,Germany,Creativity,04,20,0.0691,35767614,-20,0.0691,35767614,1
DE,Germany,Creativity,05,33,0.0592,15311363,33,-0.0592,15311363,1
DE,Germany,Creativity,06,36,0.0642,40768395,-36,0.0642,40768395,1
DE,Germany,Creativity,07,17,0.0691,4449876,-17,-0.0691,4449876,1
DK,Denmark,Creativity,01,11,0.0691,489698,11,-0.0691,489698,1
DK,Denmark,Creativity,02,10,0.0642,31894265,-10,0.0642,-31894265,1
DK,Denmark,Creativity,03,9,0.0691,11256022,-9,-0.0691,11256022,1
DK,Denmark,Creativity,04,13,0.0691,8204478,-13,0.0691,8204478,1
DK,Denmark,Creativity,05,7,0.0592,20495382,-7,-0.0592,20495382,1
DK,Denmark,Creativity,06,5,0.0642,32294486,-5,-0.0642,-32294486,1
DK,Denmark,Creativity,07,5,0.0691,42924464,-5,-0.0691,42924464,1
EE,Estonia,Creativity,01,11,0.0691,5168862,11,-0.0691,-5168862,1
EE,Estonia,Creativity,02,14,0.0642,21402514,-14,-0.0642,21402514,1
EE,Estonia,Creativity,03,15,0.0691,45421759,15,-0.0691,-45421759,1
EE,Estonia,Creativity,04,11,0.0691,25926502,-11,-0.0691,25926502,1
EE,Estonia,Creativity,05,13,0.0592,6787930,13,0.0592,6787930,1
EE,Estonia,Creativity,06,9,0.0642,46288172,-9,0.0642,46288172,1
EE,Estonia,Creativity,07,9,0.0691,8467894,-9,-0.0691,8467894,1
EL,Greece,Creativity,01,25,0.0691,9111016,25,0.0691,-9111016,1
EL,Greece,Creativity,02,28,0.0642,49036352,-28,-0.0642,49036352,1
EL,Greece,Creativity,03,41,0.0691,26719877,41,-0.0691,26719877,1
EL,Greece,Creativity,04,46,0.0691,24348695,46,0.0691,-24348695,1
EL,Greece,Creativity,05,34,0.0592,2554601,-34,0.0592,2554601,1
EL,Greece,Creativity,06,59,0.0642,15878021,59,0.0642,15878021,1
EL,Greece,Creativity,07,35,0.0691,33715833,35,0.0691,33715833,1
ES,Spain,Creativity,01,21,0.0691,54301617,21,0.0691,-54301617,1
ES,Spain,Creativity,02,28,0.0642,17327045,-28,-0.0642,-17327045,1
ES,Spain,Creativity,03,26,0.0691,53792703,-26,-0.0691,-53792703,1
ES,Spain,Creativity,04,25,0.0691,33572107,25,0.0691,33572107,1
ES,Spain,Creativity,05,16,0.0592,17166981,-16,0.0592,17166981,1
ES,Spain,Creativity,06,15,0.0642,15987484,-15,-0.0642,-15987484,1
ES,Spain,Creativity,07,10,0.0691,1877760,10,-0.0691,1877760,1
FI,Finland,Creativity,01,19,0.0691,12300414,19,-0.0691,-12300414,1
FI,Finland,Creativity,02,30,0.0642,32008273,30,-0.0642,32008273,1
FI,Finland,Creativity,03,20,0.0691,18540504,-20,-0.0691,18540504,1
FI,Finland,Creativity,04,16,0.0691,67632678,-16,-0.0691,67632678,1
FI,Finland,Creativity,05,23,0.0592,46143530,23,-0.0592,-46143530,1
FI,Finland,Creativity,06,20,0.0642,16316824,-20,0.0642,-16316824,1
FI,Finland,Creativity,07,22,0.0691,64550713,-22,-0.0691,-64550713,1
FR,France,Creativity,01,13,0.0691,27561832,13,0.0691,27561832,1
FR,France,Creativity,02,13,0.0642,51682670,-13,-0.0642,-51682670,1
FR,France,Creativity,03,16,0.0691,61129059,16,0.0691,-61129059,1
FR,France,Creativity,04,20,0.0691,33133131,20,0.0691,33133131,1
FR,France,Creativity,05,18,0.0592,16737812,-18,-0.0592,-16737812,1
FR,France,Creativity,06,14,0.0642,47896087,-14,0.0642,-47896087,1
FR,France,Creativity,07,13,0.0691,54613690,13,-0.0691,54613690,1
HR,Croatia,Creativity,01,19,0.0691,10774866,19,-0.0691,-10774866,1
HR,Croatia,Creativity,02,33,0.0642,49826657,33,0.0642,49826657,1
HR,Croatia,Creativity,03,41,0.0691,33839743,-41,0.0691,33839743,1
HR,Croatia,Creativity,04,28,0.0691,5522521,28,-0.0691,5522521,1
HR,Croatia,Creativity,05,45,0.0592,21267351,45,-0.0592,-21267351,1
HR,Croatia,Creativity,06,48,0.0642,59870075,48,0.0642,59870075,1
HR,Croatia,Creativity,07,32,0.0691,62132151,32,0.0691,62132151,1
HU,Hungary,Creativity,01,26,0.0691,34433711,26,-0.0691,34433711,1
HU,Hungary,Creativity,02,22,0.0642,49220428,22,0.0642,49220428,1
HU,Hungary,Creativity,03,20,0.0691,62124851,20,-0.0691,62124851,1
HU,Hungary,Creativity,04,21,0.0691,29290390,21,0.0691,29290390,1
HU,Hungary,Creativity,05,23,0.0592,1815012,-23,0.0592,1815012,1
HU,Hungary,Creativity,06,17,0.0642,20509946,17,-0.0642,-20509946,1
HU,Hungary,Creativity,07,12,0.0691,8988598,-12,0.0691,8988598,1
AT,Austria,Creativity,08,7,0.0142,13346676,-7,0.0142,-13346676,1
AT,Austria,Creativity,09,8,0.0142,6537237,8,0.0142,-6537237,1
AT,Austria,Creativity,10,7,0.0095,8288904,7,0.0095,-8288904,1
AT,Austria,Creativity,11,3,0.0095,1806362,-3,-0.0095,1806362,1
AT,Austria,Creativity,12,4,0.0095,784816,-4,0.0095,784816,1
AT,Austria,Creativity,13,4,0.0095,236348,-4,0.0095,236348,1
AT,Austria,Creativity,14,4,0.0047,2586748,4,0.0047,-2586748,1
BE,Belgium,Creativity,08,1,0.0142,11902809,-1,-0.0142,11902809,1
BE,Belgium,Creativity,09,2,0.0142,9181459,-2,0.0142,-9181459,1
BE,Belgium,Creativity,10,7,0.0095,4455980,7,-0.0095,-4455980,1
BE,Belgium,Creativity,11,0,0.0095,3331136,0,0.0095,3331136,1
BE,Belgium,Creativity,12,2,0.0095,4558124,2,-0.0095,-4558124,1
BE,Belgium,Creativity,13,2,0.0095,6289112,2,-0.0095,6289112,1
BE,Belgium,Creativity,14,1,0.0047,3632800,1,0.0047,3632800,1
BG,Bulgaria,Creativity,08,9,0.0142,11414883,-9,-0.0142,11414883,1
BG,Bulgaria,Creativity,09,0,0.0142,9456873,0,-0.0142,9456873,1
BG,Bulgaria,Creativity,10,5,0.0095,5887195,5,-0.0095,5887195,1
BG,Bulgaria,Creativity,11,4,0.0095,8523758,-4,-0.0095,8523758,1
BG,Bulgaria,Creativity,12,2,0.0095,5443934,-2,-0.0095,-5443934,1
BG,Bulgaria,Creativity,13,2,0.0095,3175670,-2,0.0095,-3175670,1
BG,Bulgaria,Creativity,14,0,0.0047,2155785,0,0.0047,2155785,1
CY,Cyprus,Creativity,08,2,0.0142,6691065,2,-0.0142,-6691065,1
CY,Cyprus,Creativity,09,2,0.0142,2576054,-2,0.0142,-2576054,1
CY,Cyprus,Creativity,10,2,0.0095,4925069,2,0.0095,-4925069,1
CY,Cyprus,Creativity,11,0,0.0095,279265,0,0.0095,-279265,1
CY,Cyprus,Creativity,12,0,0.0095,7737416,0,0.0095,7737416,1
CY,Cyprus,Creativity,13,0,0.0095,7731643,0,0.0095,7731643,1
CY,Cyprus,Creativity,14,0,0.0047,4288249,0,0.0047,-4288249,1
CZ,Czechia,Creativity,08,6,0.0142,5383975,-6,0.0142,5383975,1
CZ,Czechia,Creativity,09,3,0.0142,4628054,-3,-0.0142,4628054,1
CZ,Czechia,Creativity,10,0,0.0095,2933168,0,-0.0095,-2933168,1
CZ,Czechia,Creativity,11,4,0.0095,1429449,-4,-0.0095,-1429449,1
CZ,Czechia,Creativity,12,1,0.0095,2647305,-1,-0.0095,2647305,1
CZ,Czechia,Creativity,13,0,0.0095,8372703,0,-0.0095,-8372703,1
CZ,Czechia,Creativity,14,0,0.0047,4041393,0,-0.0047,-4041393,1
DE,Germany,Creativity,08,9,0.0142,3606965,9,-0.0142,-3606965,1
DE,Germany,Creativity,09,13,0.0142,1228876,-13,0.0142,-1228876,1
DE,Germany,Creativity,10,4,0.0095,4009355,4,-0.0095,4009355,1
DE,Germany,Creativity,11,6,0.0095,156247,6,0.0095,-156247,1
DE,Germany,Creativity,12,9,0.0095,4713055,-9,0.0095,4713055,1
DE,Germany,Creativity,13,4,0.0095,7919025,-4,-0.0095,-7919025,1
DE,Germany,Creativity,14,7,0.0047,2888353,-7,0.0047,-2888353,1
DK,Denmark,Creativity,08,5,0.0142,12164921,-5,0.0142,12164921,1
DK,Denmark,Creativity,09,10,0.0142,11432814,10,0.0142,11432814,1
DK,Denmark,Creativity,10,6,0.0095,8849461,-6,0.0095,8849461,1
DK,Denmark,Creativity,11,14,0.0095,8800981,-14,0.0095,8800981,1
DK,Denmark,Creativity,12,9,0.0095,7935947,9,0.0095,7935947,1
DK,Denmark,Creativity,13,10,0.0095,6801172,10,-0.0095,-6801172,1
DK,Denmark,Creativity,14,9,0.0047,94125,-9,0.0047,94125,1
EE,Estonia,Creativity,08,8,0.0142,9762290,-8,-0.0142,-9762290,1
EE,Estonia,Creativity,09,5,0.0142,9810536,5,0.0142,-9810536,1
EE,Estonia,Creativity,10,6,0.0095,4779330,-6,-0.0095,4779330,1
EE,Estonia,Creativity,11,4,0.0095,6474380,4,0.0095,-6474380,1
EE,Estonia,Creativity,12,6,0.0095,6678600,6,-0.0095,6678600,1
EE,Estonia,Creativity,13,1,0.0095,3438279,-1,0.0095,3438279,1
EE,Estonia,Creativity,14,3,0.0047,3953219,-3,0.0047,3953219,1
EL,Greece,Creativity,08,1,0.0142,11837030,1,-0.0142,11837030,1
EL,Greece,Creativity,09,0,0.0142,12128835,0,0.0142,-12128835,1
EL,Greece,Creativity,10,2,0.0095,49287,-2,-0.0095,-49287,1
EL,Greece,Creativity,11,2,0.0095,8498149,2,-0.0095,-8498149,1
EL,Greece,Creativity,12,0,0.0095,8243192,0,0.0095,8243192,1
EL,Greece,Creativity,13,1,0.0095,8077274,1,-0.0095,8077274,1
EL,Greece,Creativity,14,0,0.0047,4568598,0,-0.0047,-4568598,1
ES,Spain,Creativity,08,1,0.0142,4829095,-1,-0.0142,4829095,1
ES,Spain,Creativity,09,1,0.0142,8257436,-1,-0.0142,-8257436,1
ES,Spain,Creativity,10,1,0.0095,67045,-1,0.0095,67045,1
ES,Spain,Creativity,11,2,0.0095,9249922,-2,-0.0095,-9249922,1
ES,Spain,Creativity,12,1,0.0095,7182143,1,0.0095,7182143,1
ES,Spain,Creativity,13,0,0.0095,6644981,0,0.0095,-6644981,1
ES,Spain,Creativity,14,0,0.0047,3330389,0,-0.0047,-3330389,1
FI,Finland,Creativity,08,2,0.0142,7981607,-2,0.0142,-7981607,1
FI,Finland,Creativity,09,7,0.0142,44354,7,-0.0142,44354,1
FI,Finland,Creativity,10,3,0.0095,3472122,3,-0.0095,3472122,1
FI,Finland,Creativity,11,6,0.0095,3052229,-6,0.0095,3052229,1
FI,Finland,Creativity,12,7,0.0095,6593631,7,0.0095,6593631,1
FI,Finland,Creativity,13,7,0.0095,3186517,7,0.0095,-3186517,1
FI,Finland,Creativity,14,2,0.0047,1462502,2,0.0047,-1462502,1
FR,France,Creativity,08,2,0.0142,1851510,2,0.0142,1851510,1
FR,France,Creativity,09,3,0.0142,12970179,3,-0.0142,-12970179,1
FR,France,Creativity,10,1,0.0095,2010783,1,-0.0095,2010783,1
FR,France,Creativity,11,5,0.0095,1035245,5,0.0095,1035245,1
FR,France,Creativity,12,1,0.0095,6006509,1,-0.0095,-6006509,1
FR,France,Creativity,13,4,0.0095,472494,-4,0.0095,472494,1
FR,France,Creativity,14,1,0.0047,3662880,1,0.0047,3662880,1
HR,Croatia,Creativity,08,4,0.0142,5334796,-4,0.0142,-5334796,1
HR,Croatia,Creativity,09,3,0.0142,4890979,3,0.0142,4890979,1
HR,Croatia,Creativity,10,4,0.0095,457707,4,-0.0095,-457707,1
HR,Croatia,Creativity,11,5,0.0095,8862678,5,-0.0095,-8862678,1
HR,Croatia,Creativity,12,3,0.0095,7856791,3,0.0095,7856791,1
HR,Croatia,Creativity,13,0,0.0095,7434273,0,-0.0095,-7434273,1
HR,Croatia,Creativity,14,0,0.0047,4065741,0,0.0047,4065741,1
HU,Hungary,Creativity,08,2,0.0142,13408883,2,-0.0142,13408883,1
HU,Hungary,Creativity,09,0,0.0142,1556171,0,0.0142,-1556171,1
HU,Hungary,Creativity,10,3,0.0095,2167274,-3,0.0095,2167274,1
HU,Hungary,Creativity,11,2,0.0095,1597370,-2,-0.0095,-1597370,1
HU,Hungary,Creativity,12,4,0.0095,6031566,-4,0.0095,6031566,1
HU,Hungary,Creativity,13,1,0.0095,7744399,-1,-0.0095,-7744399,1
HU,Hungary,Creativity,14,2,0.0047,3616216,-2,0.0047,3616216,1
AT,Austria,Creativity,15,3,0.0306,13199586,-3,-0.0306,-13199586,1
AT,Austria,Creativity,16,6,0.0408,34673646,6,0.0408,34673646,1
AT,Austria,Creativity,17,7,0.0306,25593066,7,0.0306,-25593066,1
AT,Austria,Creativity,18,5,0.0357,4523672,5,-0.0357,4523672,1
AT,Austria,Creativity,19,4,0.0357,28260703,-4,-0.0357,-28260703,1
AT,Austria,Creativity,20,9,0.0357,35188533,-9,-0.0357,35188533,1
AT,Austria,Creativity,21,1,0.0408,19131988,1,-0.0408,-19131988,1
BE,Belgium,Creativity,15,13,0.0306,30224537,-13,-0.0306,-30224537,1
BE,Belgium,Creativity,16,6,0.0408,10243373,6,0.0408,-10243373,1
BE,Belgium,Creativity,17,4,0.0306,18704808,4,0.0306,18704808,1
BE,Belgium,Creativity,18,12,0.0357,2009479,-12,0.0357,-2009479,1
BE,Belgium,Creativity,19,4,0.0357,20964609,4,0.0357,20964609,1
BE,Belgium,Creativity,20,9,0.0357,13102898,-9,0.0357,13102898,1
BE,Belgium,Creativity,21,1,0.0408,39110332,-1,0.0408,39110332,1
BG,Bulgaria,Creativity,15,8,0.0306,7200998,-8,0.0306,-7200998,1
BG,Bulgaria,Creativity,16,4,0.0408,35629762,4,0.0408,35629762,1
BG,Bulgaria,Creativity,17,6,0.0306,15493967,-6,-0.0306,-15493967,1
BG,Bulgaria,Creativity,18,5,0.0357,1657736,5,0.0357,-1657736,1
BG,Bulgaria,Creativity,19,8,0.0357,8129988,8,-0.0357,8129988,1
BG,Bulgaria,Creativity,20,9,0.0357,8888206,-9,-0.0357,-8888206,1
BG,Bulgaria,Creativity,21,6,0.0408,20474322,6,-0.0408,-20474322,1
CY,Cyprus,Creativity,15,5,0.0306,28197065,-5,-0.0306,28197065,1
CY,Cyprus,Creativity,16,7,0.0408,2226660,-7,0.0408,-2226660,1
CY,Cyprus,Creativity,17,1,0.0306,5305436,1,0.0306,-5305436,1
CY,Cyprus,Creativity,18,3,0.0357,22741003,-3,0.0357,-22741003,1
CY,Cyprus,Creativity,19,3,0.0357,3154425,-3,-0.0357,-3154425,1
CY,Cyprus,Creativity,20,3,0.0357,13321101,-3,0.0357,13321101,1
CY,Cyprus,Creativity,21,1,0.0408,126496,-1,-0.0408,126496,1
CZ,Czechia,Creativity,15,12,0.0306,9629824,-12,0.0306,9629824,1
CZ,Czechia,Creativity,16,17,0.0408,23250811,-17,-0.0408,-23250811,1
CZ,Czechia,Creativity,17,6,0.0306,3082643,-6,0.0306,-3082643,1
CZ,Czechia,Creativity,18,17,0.0357,35429603,17,0.0357,-35429603,1
CZ,Czechia,Creativity,19,12,0.0357,5435605,12,-0.0357,-5435605,1
CZ,Czechia,Creativity,20,19,0.0357,12709834,-19,0.0357,-12709834,1
CZ,Czechia,Creativity,21,10,0.0408,37029681,10,-0.0408,37029681,1
DE,Germany,Creativity,15,27,0.0306,19760865,27,-0.0306,19760865,1
DE,Germany,Creativity,16,50,0.0408,38149399,-50,0.0408,38149399,1
DE,Germany,Creativity,17,22,0.0306,19358830,22,0.0306,-19358830,1
DE,Germany,Creativity,18,28,0.0357,20269220,-28,-0.0357,20269220,1
DE,Germany,Creativity,19,12,0.0357,27202621,12,-0.0357,27202621,1
DE,Germany,Creativity,20,21,0.0357,20878633,21,-0.0357,20878633,1
DE,Germany,Creativity,21,16,0.0408,24359396,-16,0.0408,-24359396,1
DK,Denmark,Creativity,15,6,0.0306,6026832,-6,0.0306,-6026832,1
DK,Denmark,Creativity,16,3,0.0408,35681881,3,0.0408,35681881,1
DK,Denmark,Creativity,17,1,0.0306,25454549,-1,0.0306,-25454549,1
DK,Denmark,Creativity,18,3,0.0357,16339494,-3,-0.0357,16339494,1
DK,Denmark,Creativity,19,14,0.0357,6511594,14,-0.0357,-6511594,1
DK,Denmark,Creativity,20,6,0.0357,27769622,6,0.0357,27769622,1
DK,Denmark,Creativity,21,4,0.0408,7817496,-4,0.0408,-7817496,1
EE,Estonia,Creativity,15,18,0.0306,3335434,-18,-0.0306,3335434,1
EE,Estonia,Creativity,16,14,0.0408,39889101,-14,-0.0408,-39889101,1
EE,Estonia,Creativity,17,7,0.0306,3752301,-7,0.0306,-3752301,1
EE,Estonia,Creativity,18,3,0.0357,16341266,-3,-0.0357,16341266,1
EE,Estonia,Creativity,19,10,0.0357,2702713,10,-0.0357,2702713,1
EE,Estonia,Creativity,20,15,0.0357,15349721,-15,-0.0357,-15349721,1
EE,Estonia,Creativity,21,9,0.0408,31157392,9,0.0408,31157392,1
EL,Greece,Creativity,15,0,0.0306,11959470,0,0.0306,-11959470,1
EL,Greece,Creativity,16,4,0.0408,27711472,4,-0.0408,27711472,1
EL,Greece,Creativity,17,4,0.0306,22936028,-4,0.0306,22936028,1
EL,Greece,Creativity,18,1,0.0357,1478824,1,-0.0357,1478824,1
EL,Greece,Creativity,19,3,0.0357,24485415,-3,0.0357,-24485415,1
EL,Greece,Creativity,20,6,0.0357,32272655,6,0.0357,-32272655,1
EL,Greece,Creativity,21,1,0.0408,30442845,1,0.0408,30442845,1
ES,Spain,Creativity,15,4,0.0306,28287303,4,-0.0306,28287303,1
ES,Spain,Creativity,16,7,0.0408,7533189,-7,0.0408,-7533189,1
ES,Spain,Creativity,17,3,0.0306,6917260,3,-0.0306,-6917260,1
ES,Spain,Creativity,18,5,0.0357,34163730,-5,-0.0357,34163730,1
ES,Spain,Creativity,19,2,0.0357,12546077,2,0.0357,12546077,1
ES,Spain,Creativity,20,4,0.0357,22767472,-4,0.0357,22767472,1
ES,Spain,Creativity,21,1,0.0408,22743603,1,0.0408,22743603,1
FI,Finland,Creativity,15,12,0.0306,5227709,12,-0.0306,-5227709,1
FI,Finland,Creativity,16,5,0.0408,33959305,-5,-0.0408,-33959305,1
FI,Finland,Creativity,17,23,0.0306,20147921,23,-0.0306,20147921,1
FI,Finland,Creativity,18,20,0.0357,25230507,20,0.0357,25230507,1
FI,Finland,Creativity,19,15,0.0357,27272642,15,0.0357,27272642,1
FI,Finland,Creativity,20,13,0.0357,30254957,-13,0.0357,-30254957,1
FI,Finland,Creativity,21,10,0.0408,31133046,10,-0.0408,-31133046,1
FR,France,Creativity,15,3,0.0306,17444796,-3,-0.0306,17444796,1
FR,France,Creativity,16,5,0.0408,3123483,-5,0.0408,3123483,1
FR,France,Creativity,17,11,0.0306,29513319,-11,0.0306,29513319,1
FR,France,Creativity,18,6,0.0357,26998831,6,0.0357,-26998831,1
FR,France,Creativity,19,6,0.0357,2462368,6,0.0357,2462368,1
FR,France,Creativity,20,7,0.0357,11276234,7,-0.0357,-11276234,1
FR,France,Creativity,21,6,0.0408,23527516,6,0.0408,23527516,1
HR,Croatia,Creativity,15,10,0.0306,15622612,-10,-0.0306,15622612,1
HR,Croatia,Creativity,16,9,0.0408,6469009,-9,-0.0408,-6469009,1
HR,Croatia,Creativity,17,12,0.0306,12968267,-12,0.0306,12968267,1
HR,Croatia,Creativity,18,13,0.0357,229134,-13,0.0357,229134,1
HR,Croatia,Creativity,19,12,0.0357,4703430,12,0.0357,4703430,1
HR,Croatia,Creativity,20,12,0.0357,14617753,12,-0.0357,14617753,1
HR,Croatia,Creativity,21,4,0.0408,14796126,-4,0.0408,-14796126,1
HU,Hungary,Creativity,15,7,0.0306,17809828,-7,0.0306,-17809828,1
HU,Hungary,Creativity,16,6,0.0408,37062547,-6,0.0408,37062547,1
HU,Hungary,Creativity,17,11,0.0306,20361109,11,0.0306,20361109,1
HU,Hungary,Creativity,18,7,0.0357,9711552,7,-0.0357,9711552,1
HU,Hungary,Creativity,19,3,0.0357,3848979,3,-0.0357,3848979,1
HU,Hungary,Creativity,20,3,0.0357,6965975,-3,0.0357,6965975,1
HU,Hungary,Creativity,21,3,0.0408,22004269,3,-0.0408,-22004269,1
AT,Austria,Friendship,01,13,0.0357,26596675,-13,-0.0357,-26596675,1
AT,Austria,Friendship,02,10,0.0408,31122150,10,-0.0408,-31122150,1
AT,Austria,Friendship,03,10,0.0357,9673385,10,-0.0357,-9673385,1
AT,Austria,Friendship,04,12,0.0357,10628856,12,-0.0357,-10628856,1
AT,Austria,Friendship,05,8,0.0408,40235560,-8,0.0408,-40235560,1
AT,Austria,Friendship,06,14,0.0306,4879427,-14,-0.0306,-4879427,1
AT,Austria,Friendship,07,4,0.0306,30495063,-4,0.0306,-30495063,1
BE,Belgium,Friendship,01,12,0.0357,22471809,-12,-0.0357,-22471809,1
BE,Belgium,Friendship,02,16,0.0408,20874965,-16,0.0408,20874965,1
BE,Belgium,Friendship,03,25,0.0357,22358195,-25,-0.0357,-22358195,1
BE,Belgium,Friendship,04,15,0.0357,11189835,15,0.0357,-11189835,1
BE,Belgium,Friendship,05,19,0.0408,35727176,19,0.0408,35727176,1
BE,Belgium,Friendship,06,12,0.0306,13205916,-12,0.0306,-13205916,1
BE,Belgium,Friendship,07,6,0.0306,10062799,6,-0.0306,-10062799,1
BG,Bulgaria,Friendship,01,1,0.0357,20588688,-1,0.0357,-20588688,1
BG,Bulgaria,Friendship,02,1,0.0408,39566356,-1,0.0408,-39566356,1
BG,Bulgaria,Friendship,03,2,0.0357,18163110,-2,-0.0357,-18163110,1
BG,Bulgaria,Friendship,04,3,0.0357,2626909,-3,0.0357,2626909,1
BG,Bulgaria,Friendship,05,2,0.0408,26280298,2,0.0408,26280298,1
BG,Bulgaria,Friendship,06,2,0.0306,19297521,-2,-0.0306,19297521,1
BG,Bulgaria,Friendship,07,2,0.0306,20524833,-2,0.0306,20524833,1
CY,Cyprus,Friendship,01,2,0.0357,33632787,-2,0.0357,33632787,1
CY,Cyprus,Friendship,02,2,0.0408,22480374,2,-0.0408,-22480374,1
CY,Cyprus,Friendship,03,0,0.0357,13782095,0,0.0357,13782095,1
CY,Cyprus,Friendship,04,4,0.0357,29667954,4,-0.0357,29667954,1
CY,Cyprus,Friendship,05,0,0.0408,9148845,0,0.0408,-9148845,1
CY,Cyprus,Friendship,06,4,0.0306,23655974,4,0.0306,-23655974,1
CY,Cyprus,Friendship,07,1,0.0306,2219320,-1,0.0306,2219320,1
CZ,Czechia,Friendship,01,2,0.0357,33078846,2,-0.0357,33078846,1
CZ,Czechia,Friendship,02,6,0.0408,31379201,6,0.0408,-31379201,1
CZ,Czechia,Friendship,03,3,0.0357,5171082,3,-0.0357,-5171082,1
CZ,Czechia,Friendship,04,4,0.0357,2524841,-4,-0.0357,2524841,1
CZ,Czechia,Friendship,05,6,0.0408,20914143,-6,0.0408,-20914143,1
CZ,Czechia,Friendship,06,2,0.0306,20505249,2,0.0306,20505249,1
CZ,Czechia,Friendship,07,2,0.0306,16284806,2,0.0306,16284806,1
DE,Germany,Friendship,01,20,0.0357,14974698,20,-0.0357,-14974698,1
DE,Germany,Friendship,02,52,0.0408,16243737,-52,0.0408,-16243737,1
DE,Germany,Friendship,03,8,0.0357,12830624,-8,0.0357,-12830624,1
DE,Germany,Friendship,04,24,0.0357,30578502,-24,0.0357,-30578502,1
DE,Germany,Friendship,05,9,0.0408,34163238,-9,0.0408,34163238,1
DE,Germany,Friendship,06,17,0.0306,28335356,-17,0.0306,28335356,1
DE,Germany,Friendship,07,29,0.0306,12115802,-29,-0.0306,12115802,1
DK,Denmark,Friendship,01,30,0.0357,22425902,-30,0.0357,-22425902,1
DK,Denmark,Friendship,02,38,0.0408,16858740,-38,0.0408,16858740,1
DK,Denmark,Friendship,03,39,0.0357,7499996,-39,0.0357,-7499996,1
DK,Denmark,Friendship,04,27,0.0357,24595726,27,0.0357,-24595726,1
DK,Denmark,Friendship,05,24,0.0408,39244977,24,-0.0408,-39244977,1
DK,Denmark,Friendship,06,23,0.0306,27065332,-23,-0.0306,-27065332,1
DK,Denmark,Friendship,07,13,0.0306,14680994,13,0.0306,14680994,1
EE,Estonia,Friendship,01,3,0.0357,8228115,-3,0.0357,8228115,1
EE,Estonia,Friendship,02,4,0.0408,3614804,-4,-0.0408,-3614804,1
EE,Estonia,Friendship,03,6,0.0357,23183066,-6,0.0357,-23183066,1
EE,Estonia,Friendship,04,2,0.0357,21129672,-2,-0.0357,21129672,1
EE,Estonia,Friendship,05,5,0.0408,24350128,5,0.0408,-24350128,1
EE,Estonia,Friendship,06,3,0.0306,2166848,3,-0.0306,-2166848,1
EE,Estonia,Friendship,07,1,0.0306,20292707,1,0.0306,-20292707,1
EL,Greece,Friendship,01,0,0.0357,25461323,0,-0.0357,-25461323,1
EL,Greece,Friendship,02,1,0.0408,9613109,-1,0.0408,9613109,1
EL,Greece,Friendship,03,1,0.0357,2900967,-1,-0.0357,2900967,1
EL,Greece,Friendship,04,2,0.0357,7999393,-2,-0.0357,7999393,1
EL,Greece,Friendship,05,1,0.0408,9789960,1,0.0408,9789960,1
EL,Greece,Friendship,06,2,0.0306,13706207,2,-0.0306,13706207,1
EL,Greece,Friendship,07,0,0.0306,20212074,0,0.0306,20212074,1
ES,Spain,Friendship,01,4,0.0357,29949897,4,0.0357,29949897,1
ES,Spain,Friendship,02,11,0.0408,37674515,11,0.0408,37674515,1
ES,Spain,Friendship,03,10,0.0357,24158521,10,0.0357,-24158521,1
ES,Spain,Friendship,04,6,0.0357,27985831,6,0.0357,-27985831,1
ES,Spain,Friendship,05,5,0.0408,2888799,5,-0.0408,2888799,1
ES,Spain,Friendship,06,5,0.0306,26108860,-5,-0.0306,26108860,1
ES,Spain,Friendship,07,2,0.0306,16495576,-2,0.0306,16495576,1
FI,Finland,Friendship,01,22,0.0357,239745,22,-0.0357,-239745,1
FI,Finland,Friendship,02,28,0.0408,27108238,28,0.0408,-27108238,1
FI,Finland,Friendship,03,27,0.0357,29322828,-27,0.0357,29322828,1
FI,Finland,Friendship,04,19,0.0357,6932283,-19,0.0357,-6932283,1
FI,Finland,Friendship,05,13,0.0408,8492366,13,-0.0408,8492366,1
FI,Finland,Friendship,06,16,0.0306,3753025,16,0.0306,-3753025,1
FI,Finland,Friendship,07,12,0.0306,29736855,-12,0.0306,-29736855,1
FR,France,Friendship,01,15,0.0357,32851957,-15,-0.0357,-32851957,1
FR,France,Friendship,02,9,0.0408,5108067,9,-0.0408,5108067,1
FR,France,Friendship,03,16,0.0357,17164640,-16,-0.0357,17164640,1
FR,France,Friendship,04,15,0.0357,21718405,-15,0.0357,21718405,1
FR,France,Friendship,05,16,0.0408,27316576,-16,-0.0408,27316576,1
FR,France,Friendship,06,10,0.0306,22405734,10,0.0306,22405734,1
FR,France,Friendship,07,6,0.0306,10872171,6,0.0306,10872171,1
HR,Croatia,Friendship,01,8,0.0357,27277487,8,0.0357,27277487,1
HR,Croatia,Friendship,02,3,0.0408,25477823,3,0.0408,-25477823,1
HR,Croatia,Friendship,03,4,0.0357,25554594,4,-0.0357,-25554594,1
HR,Croatia,Friendship,04,6,0.0357,21862527,6,0.0357,21862527,1
HR,Croatia,Friendship,05,7,0.0408,27043368,7,0.0408,-27043368,1
HR,Croatia,Friendship,06,5,0.0306,19425567,5,-0.0306,19425567,1
HR,Croatia,Friendship,07,5,0.0306,28131106,-5,0.0306,-28131106,1
HU,Hungary,Friendship,01,11,0.0357,3202463,-11,0.0357,-3202463,1
HU,Hungary,Friendship,02,9,0.0408,39707527,-9,-0.0408,39707527,1
HU,Hungary,Friendship,03,15,0.0357,23624586,15,-0.0357,23624586,1
HU,Hungary,Friendship,04,8,0.0357,7403550,-8,0.0357,7403550,1
HU,Hungary,Friendship,05,5,0.0408,24905845,5,0.0408,-24905845,1
HU,Hungary,Friendship,06,4,0.0306,30531144,4,-0.0306,30531144,1
HU,Hungary,Friendship,07,11,0.0306,16931089,11,0.0306,16931089,1
AT,Austria,Friendship,08,5,0.0189,11453383,-5,-0.0189,11453383,1
AT,Austria,Friendship,09,5,0.0252,3331822,-5,0.0252,-3331822,1
AT,Austria,Friendship,10,12,0.0189,6340724,12,0.0189,-6340724,1
AT,Austria,Friendship,11,4,0.0126,1007243,4,-0.0126,1007243,1
AT,Austria,Friendship,12,1,0.0126,484730,1,0.0126,-484730,1
AT,Austria,Friendship,13,0,0.0126,1478267,0,0.0126,-1478267,1
AT,Austria,Friendship,14,2,0.0063,595103,2,-0.0063,-595103,1
BE,Belgium,Friendship,08,4,0.0189,10860457,-4,0.0189,-10860457,1
BE,Belgium,Friendship,09,4,0.0252,25128094,4,-0.0252,25128094,1
BE,Belgium,Friendship,10,4,0.0189,14670237,4,0.0189,-14670237,1
BE,Belgium,Friendship,11,0,0.0126,10983373,0,0.0126,10983373,1
BE,Belgium,Friendship,12,7,0.0126,9167380,7,-0.0126,-9167380,1
BE,Belgium,Friendship,13,3,0.0126,6013394,-3,0.0126,-6013394,1
BE,Belgium,Friendship,14,0,0.0063,1477345,0,-0.0063,1477345,1
BG,Bulgaria,Friendship,08,4,0.0189,3704981,-4,-0.0189,-3704981,1
BG,Bulgaria,Friendship,09,4,0.0252,1786600,-4,0.0252,-1786600,1
BG,Bulgaria,Friendship,10,3,0.0189,15660007,-3,0.0189,15660007,1
BG,Bulgaria,Friendship,11,7,0.0126,6673398,7,0.0126,-6673398,1
BG,Bulgaria,Friendship,12,1,0.0126,10952338,-1,-0.0126,10952338,1
BG,Bulgaria,Friendship,13,0,0.0126,9006698,0,0.0126,-9006698,1
BG,Bulgaria,Friendship,14,0,0.0063,5615629,0,-0.0063,5615629,1
CY,Cyprus,Friendship,08,3,0.0189,7871449,-3,0.0189,7871449,1
CY,Cyprus,Friendship,09,6,0.0252,9741469,-6,0.0252,-9741469,1
CY,Cyprus,Friendship,10,0,0.0189,14364437,0,0.0189,14364437,1
CY,Cyprus,Friendship,11,4,0.0126,5094556,4,0.0126,-5094556,1
CY,Cyprus,Friendship,12,2,0.0126,4533257,2,0.0126,-4533257,1
CY,Cyprus,Friendship,13,0,0.0126,2791525,0,-0.0126,-2791525,1
CY,Cyprus,Friendship,14,0,0.0063,3823498,0,0.0063,-3823498,1
CZ,Czechia,Friendship,08,4,0.0189,17854951,4,0.0189,17854951,1
CZ,Czechia,Friendship,09,6,0.0252,21324242,-6,0.0252,-21324242,1
CZ,Czechia,Friendship,10,1,0.0189,12873673,-1,0.0189,-12873673,1
CZ,Czechia,Friendship,11,4,0.0126,1097133,-4,-0.0126,-1097133,1
CZ,Czechia,Friendship,12,5,0.0126,1400349,-5,-0.0126,-1400349,1
CZ,Czechia,Friendship,13,1,0.0126,4032888,-1,0.0126,4032888,1
CZ,Czechia,Friendship,14,0,0.0063,148831,0,0.0063,-148831,1
DE,Germany,Friendship,08,14,0.0189,8479150,-14,0.0189,-8479150,1
DE,Germany,Friendship,09,11,0.0252,7937818,-11,-0.0252,-7937818,1
DE,Germany,Friendship,10,3,0.0189,14926690,-3,-0.0189,14926690,1
DE,Germany,Friendship,11,3,0.0126,2158169,3,0.0126,-2158169,1
DE,Germany,Friendship,12,9,0.0126,5532013,-9,-0.0126,-5532013,1
DE,Germany,Friendship,13,6,0.0126,3137255,-6,-0.0126,-3137255,1
DE,Germany,Friendship,14,3,0.0063,5554923,-3,0.0063,5554923,1
DK,Denmark,Friendship,08,1,0.0189,1223192,1,-0.0189,-1223192,1
DK,Denmark,Friendship,09,7,0.0252,1862838,7,-0.0252,1862838,1
DK,Denmark,Friendship,10,6,0.0189,2726206,6,-0.0189,-2726206,1
DK,Denmark,Friendship,11,6,0.0126,5457842,6,0.0126,5457842,1
DK,Denmark,Friendship,12,7,0.0126,6324814,-7,0.0126,-6324814,1
DK,Denmark,Friendship,13,4,0.0126,3290162,4,0.0126,-3290162,1
DK,Denmark,Friendship,14,2,0.0063,1947271,2,-0.0063,-1947271,1
EE,Estonia,Friendship,08,7,0.0189,16786161,-7,0.0189,16786161,1
EE,Estonia,Friendship,09,8,0.0252,5711150,-8,-0.0252,5711150,1
EE,Estonia,Friendship,10,11,0.0189,18670465,11,-0.0189,18670465,1
EE,Estonia,Friendship,11,2,0.0126,3001847,-2,-0.0126,3001847,1
EE,Estonia,Friendship,12,3,0.0126,3335774,-3,0.0126,-3335774,1
EE,Estonia,Friendship,13,7,0.0126,6974610,-7,-0.0126,6974610,1
EE,Estonia,Friendship,14,3,0.0063,2964793,3,0.0063,2964793,1
EL,Greece,Friendship,08,7,0.0189,7969999,-7,-0.0189,7969999,1
EL,Greece,Friendship,09,0,0.0252,8890919,0,-0.0252,-8890919,1
EL,Greece,Friendship,10,2,0.0189,9110313,-2,0.0189,9110313,1
EL,Greece,Friendship,11,6,0.0126,12545253,6,-0.0126,-12545253,1
EL,Greece,Friendship,12,0,0.0126,1177262,0,-0.0126,-1177262,1
EL,Greece,Friendship,13,0,0.0126,307278,0,-0.0126,307278,1
EL,Greece,Friendship,14,0,0.0063,6119978,0,-0.0063,6119978,1
ES,Spain,Friendship,08,4,0.0189,16016905,4,-0.0189,-16016905,1
ES,Spain,Friendship,09,3,0.0252,17028702,3,-0.0252,17028702,1
ES,Spain,Friendship,10,2,0.0189,16057989,-2,0.0189,-16057989,1
ES,Spain,Friendship,11,0,0.0126,4983432,0,-0.0126,4983432,1
ES,Spain,Friendship,12,4,0.0126,5786002,-4,-0.0126,-5786002,1
ES,Spain,Friendship,13,3,0.0126,12334875,-3,-0.0126,12334875,1
ES,Spain,Friendship,14,0,0.0063,4891400,0,0.0063,-4891400,1
FI,Finland,Friendship,08,0,0.0189,13579860,0,0.0189,-13579860,1
FI,Finland,Friendship,09,0,0.0252,23711619,0,-0.0252,-23711619,1
FI,Finland,Friendship,10,5,0.0189,1795762,-5,-0.0189,-1795762,1
FI,Finland,Friendship,11,3,0.0126,3956447,3,-0.0126,-3956447,1
FI,Finland,Friendship,12,2,0.0126,855618,2,-0.0126,-855618,1
FI,Finland,Friendship,13,5,0.0126,9015500,-5,-0.0126,-9015500,1
FI,Finland,Friendship,14,0,0.0063,6007612,0,0.0063,-6007612,1
FR,France,Friendship,08,5,0.0189,5866028,-5,-0.0189,5866028,1
FR,France,Friendship,09,5,0.0252,21335649,-5,-0.0252,-21335649,1
FR,France,Friendship,10,6,0.0189,10369321,6,-0.0189,-10369321,1
FR,France,Friendship,11,4,0.0126,1813448,-4,-0.0126,1813448,1
FR,France,Friendship,12,3,0.0126,8380426,-3,-0.0126,-8380426,1
FR,France,Friendship,13,1,0.0126,8923081,1,-0.0126,8923081,1
FR,France,Friendship,14,1,0.0063,1766092,1,0.0063,1766092,1
HR,Croatia,Friendship,08,5,0.0189,3082041,-5,0.0189,-3082041,1
HR,Croatia,Friendship,09,4,0.0252,14694516,-4,0.0252,-14694516,1
HR,Croatia,Friendship,10,3,0.0189,8568632,3,-0.0189,8568632,1
HR,Croatia,Friendship,11,3,0.0126,2710606,-3,0.0126,2710606,1
HR,Croatia,Friendship,12,5,0.0126,1083808,-5,-0.0126,1083808,1
HR,Croatia,Friendship,13,2,0.0126,4751792,2,-0.0126,4751792,1
HR,Croatia,Friendship,14,0,0.0063,331370,0,0.0063,-331370,1
HU,Hungary,Friendship,08,0,0.0189,2751144,0,-0.0189,2751144,1
HU,Hungary,Friendship,09,7,0.0252,2751252,-7,0.0252,-2751252,1
HU,Hungary,Friendship,10,5,0.0189,4457172,-5,0.0189,-4457172,1
HU,Hungary,Friendship,11,6,0.0126,11210130,6,0.0126,-11210130,1
HU,Hungary,Friendship,12,7,0.0126,1184263,7,-0.0126,-1184263,1
HU,Hungary,Friendship,13,2,0.0126,4355232,2,0.0126,4355232,1
HU,Hungary,Friendship,14,2,0.0063,5076975,2,0.0063,5076975,1
AT,Austria,Friendship,15,10,0.0225,2908596,10,0.0225,-2908596,1
AT,Austria,Friendship,16,10,0.0225,14127356,-10,-0.0225,14127356,1
AT,Austria,Friendship,17,6,0.0338,14626136,-6,0.0338,14626136,1
AT,Austria,Friendship,18,16,0.0281,3159250,16,0.0281,-3159250,1
AT,Austria,Friendship,19,12,0.0338,14747769,-12,0.0338,14747769,1
AT,Austria,Friendship,20,9,0.0338,31281007,-9,-0.0338,-31281007,1
AT,Austria,Friendship,21,6,0.0394,25879645,6,-0.0394,25879645,1
BE,Belgium,Friendship,15,5,0.0225,18866198,-5,0.0225,18866198,1
BE,Belgium,Friendship,16,3,0.0225,1713857,3,0.0225,1713857,1
BE,Belgium,Friendship,17,2,0.0338,20221344,2,-0.0338,-20221344,1
BE,Belgium,Friendship,18,10,0.0281,1560442,-10,-0.0281,-1560442,1
BE,Belgium,Friendship,19,8,0.0338,15211776,8,-0.0338,15211776,1
BE,Belgium,Friendship,20,8,0.0338,14665787,8,-0.0338,-14665787,1
BE,Belgium,Friendship,21,5,0.0394,38446013,-5,0.0394,38446013,1
BG,Bulgaria,Friendship,15,5,0.0225,13612885,5,0.0225,13612885,1
BG,Bulgaria,Friendship,16,18,0.0225,20953580,-18,0.0225,-20953580,1
BG,Bulgaria,Friendship,17,17,0.0338,29394548,17,-0.0338,-29394548,1
BG,Bulgaria,Friendship,18,13,0.0281,3117144,13,0.0281,3117144,1
BG,Bulgaria,Friendship,19,12,0.0338,14669439,12,-0.0338,14669439,1
BG,Bulgaria,Friendship,20,6,0.0338,18628395,6,0.0338,-18628395,1
BG,Bulgaria,Friendship,21,8,0.0394,3930843,8,-0.0394,3930843,1
CY,Cyprus,Friendship,15,2,0.0225,20236025,2,0.0225,-20236025,1
CY,Cyprus,Friendship,16,1,0.0225,16704491,-1,-0.0225,16704491,1
CY,Cyprus,Friendship,17,1,0.0338,21246292,1,-0.0338,-21246292,1
CY,Cyprus,Friendship,18,3,0.0281,15728651,3,0.0281,15728651,1
CY,Cyprus,Friendship,19,2,0.0338,9374530,2,-0.0338,9374530,1
CY,Cyprus,Friendship,20,4,0.0338,25015147,-4,0.0338,-25015147,1
CY,Cyprus,Friendship,21,2,0.0394,9069742,-2,0.0394,9069742,1
CZ,Czechia,Friendship,15,9,0.0225,10697305,9,0.0225,10697305,1
CZ,Czechia,Friendship,16,4,0.0225,6679670,-4,-0.0225,6679670,1
CZ,Czechia,Friendship,17,5,0.0338,22732158,-5,-0.0338,-22732158,1
CZ,Czechia,Friendship,18,6,0.0281,3564846,6,-0.0281,3564846,1
CZ,Czechia,Friendship,19,5,0.0338,27700948,5,0.0338,27700948,1
CZ,Czechia,Friendship,20,10,0.0338,30494170,-10,0.0338,-30494170,1
CZ,Czechia,Friendship,21,0,0.0394,27071332,0,-0.0394,27071332,1
DE,Germany,Friendship,15,37,0.0225,11767033,37,0.0225,-11767033,1
DE,Germany,Friendship,16,55,0.0225,14669156,-55,-0.0225,14669156,1
DE,Germany,Friendship,17,10,0.0338,11769825,-10,0.0338,11769825,1
DE,Germany,Friendship,18,11,0.0281,26656090,-11,-0.0281,26656090,1
DE,Germany,Friendship,19,21,0.0338,27837411,-21,0.0338,-27837411,1
DE,Germany,Friendship,20,27,0.0338,8909445,27,-0.0338,8909445,1
DE,Germany,Friendship,21,20,0.0394,25850655,-20,-0.0394,-25850655,1
DK,Denmark,Friendship,15,6,0.0225,172770,6,-0.0225,172770,1
DK,Denmark,Friendship,16,5,0.0225,15519896,5,-0.0225,15519896,1
DK,Denmark,Friendship,17,15,0.0338,6062205,-15,0.0338,-6062205,1
DK,Denmark,Friendship,18,14,0.0281,11673838,14,0.0281,11673838,1
DK,Denmark,Friendship,19,13,0.0338,14066373,13,0.0338,14066373,1
DK,Denmark,Friendship,20,11,0.0338,22497530,11,-0.0338,-22497530,1
DK,Denmark,Friendship,21,11,0.0394,21460290,11,-0.0394,21460290,1
EE,Estonia,Friendship,15,8,0.0225,16217977,-8,0.0225,-16217977,1
EE,Estonia,Friendship,16,7,0.0225,16185853,-7,-0.0225,-16185853,1
EE,Estonia,Friendship,17,5,0.0338,30365936,5,0.0338,-30365936,1
EE,Estonia,Friendship,18,7,0.0281,5025872,7,-0.0281,-5025872,1
EE,Estonia,Friendship,19,6,0.0338,3792262,-6,0.0338,-3792262,1
EE,Estonia,Friendship,20,10,0.0338,6942339,-10,0.0338,-6942339,1
EE,Estonia,Friendship,21,5,0.0394,12026877,-5,0.0394,12026877,1
EL,Greece,Friendship,15,2,0.0225,6007607,2,-0.0225,6007607,1
EL,Greece,Friendship,16,6,0.0225,4512725,-6,-0.0225,4512725,1
EL,Greece,Friendship,17,4,0.0338,22402807,4,0.0338,22402807,1
EL,Greece,Friendship,18,7,0.0281,10636282,7,0.0281,-10636282,1
EL,Greece,Friendship,19,9,0.0338,2756603,-9,0.0338,-2756603,1
EL,Greece,Friendship,20,3,0.0338,17163231,-3,-0.0338,-17163231,1
EL,Greece,Friendship,21,4,0.0394,38923999,4,-0.0394,-38923999,1
ES,Spain,Friendship,15,3,0.0225,14773770,3,-0.0225,-14773770,1
ES,Spain,Friendship,16,4,0.0225,5194022,-4,0.0225,-5194022,1
ES,Spain,Friendship,17,2,0.0338,20297488,-2,-0.0338,20297488,1
ES,Spain,Friendship,18,5,0.0281,3889300,5,0.0281,-3889300,1
ES,Spain,Friendship,19,4,0.0338,22638378,4,-0.0338,-22638378,1
ES,Spain,Friendship,20,0,0.0338,16333881,0,0.0338,16333881,1
ES,Spain,Friendship,21,0,0.0394,26164934,0,-0.0394,26164934,1
FI,Finland,Friendship,15,0,0.0225,1932920,0,-0.0225,1932920,1
FI,Finland,Friendship,16,7,0.0225,3527515,-7,0.0225,3527515,1
FI,Finland,Friendship,17,7,0.0338,16511492,-7,-0.0338,16511492,1
FI,Finland,Friendship,18,17,0.0281,14812164,17,0.0281,14812164,1
FI,Finland,Friendship,19,19,0.0338,20771649,-19,-0.0338,-20771649,1
FI,Finland,Friendship,20,17,0.0338,6021634,-17,-0.0338,6021634,1
FI,Finland,Friendship,21,11,0.0394,31419373,11,-0.0394,-31419373,1
FR,France,Friendship,15,1,0.0225,2856098,1,0.0225,-2856098,1
FR,France,Friendship,16,0,0.0225,241297,0,-0.0225,241297,1
FR,France,Friendship,17,5,0.0338,14084245,-5,0.0338,14084245,1
FR,France,Friendship,18,0,0.0281,14900454,0,0.0281,-14900454,1
FR,France,Friendship,19,4,0.0338,9493335,4,0.0338,9493335,1
FR,France,Friendship,20,3,0.0338,27805871,-3,-0.0338,-27805871,1
FR,France,Friendship,21,3,0.0394,38485526,3,0.0394,38485526,1
HR,Croatia,Friendship,15,7,0.0225,2074594,-7,-0.0225,-2074594,1
HR,Croatia,Friendship,16,13,0.0225,11239455,-13,0.0225,11239455,1
HR,Croatia,Friendship,17,14,0.0338,9232796,14,-0.0338,-9232796,1
HR,Croatia,Friendship,18,15,0.0281,8588082,15,-0.0281,-8588082,1
HR,Croatia,Friendship,19,14,0.0338,25769994,14,0.0338,25769994,1
HR,Croatia,Friendship,20,12,0.0338,6063410,12,0.0338,6063410,1
HR,Croatia,Friendship,21,0,0.0394,28921313,0,0.0394,28921313,1
HU,Hungary,Friendship,15,9,0.0225,7630789,-9,-0.0225,7630789,1
HU,Hungary,Friendship,16,4,0.0225,15127839,-4,-0.0225,-15127839,1
HU,Hungary,Friendship,17,13,0.0338,32016533,-13,0.0338,32016533,1
HU,Hungary,Friendship,18,9,0.0281,19632553,9,0.0281,-19632553,1
HU,Hungary,Friendship,19,12,0.0338,24584012,12,-0.0338,-24584012,1
HU,Hungary,Friendship,20,12,0.0338,30360211,-12,-0.0338,-30360211,1
HU,Hungary,Friendship,21,2,0.0394,18023572,2,-0.0394,18023572,1
AT,Austria,Love,01,8,0.0388,4145149,-8,0.0388,-4145149,1
AT,Austria,Love,02,9,0.0388,12931610,9,0.0388,-12931610,1
AT,Austria,Love,03,8,0.0388,33743440,8,0.0388,-33743440,1
AT,Austria,Love,04,13,0.0388,23259186,13,0.0388,-23259186,1
AT,Austria,Love,05,10,0.0388,3377638,-10,-0.0388,3377638,1
AT,Austria,Love,06,10,0.0333,15662083,10,0.0333,15662083,1
AT,Austria,Love,07,8,0.0222,20529995,-8,-0.0222,-20529995,1
BE,Belgium,Love,01,16,0.0388,28203782,16,0.0388,-28203782,1
BE,Belgium,Love,02,17,0.0388,19152593,17,0.0388,-19152593,1
BE,Belgium,Love,03,5,0.0388,3999778,-5,-0.0388,3999778,1
BE,Belgium,Love,04,10,0.0388,13922491,10,-0.0388,13922491,1
BE,Belgium,Love,05,12,0.0388,20172435,-12,-0.0388,20172435,1
BE,Belgium,Love,06,12,0.0333,10494768,12,0.0333,10494768,1
BE,Belgium,Love,07,6,0.0222,278582,-6,-0.0222,278582,1
BG,Bulgaria,Love,01,3,0.0388,6797044,3,0.0388,-6797044,1
BG,Bulgaria,Love,02,3,0.0388,36555560,3,-0.0388,36555560,1
BG,Bulgaria,Love,03,8,0.0388,2673291,8,-0.0388,2673291,1
BG,Bulgaria,Love,04,6,0.0388,35674457,-6,0.0388,35674457,1
BG,Bulgaria,Love,05,1,0.0388,24904528,-1,-0.0388,24904528,1
BG,Bulgaria,Love,06,4,0.0333,22081542,-4,-0.0333,22081542,1
BG,Bulgaria,Love,07,0,0.0222,15356665,0,0.0222,-15356665,1
CY,Cyprus,Love,01,4,0.0388,26674620,-4,-0.0388,-26674620,1
CY,Cyprus,Love,02,1,0.0388,15981820,-1,-0.0388,15981820,1
CY,Cyprus,Love,03,5,0.0388,24084363,5,0.0388,24084363,1
CY,Cyprus,Love,04,2,0.0388,22469755,2,0.0388,22469755,1
CY,Cyprus,Love,05,0,0.0388,27234712,0,0.0388,-27234712,1
CY,Cyprus,Love,06,1,0.0333,28192572,1,-0.0333,-28192572,1
CY,Cyprus,Love,07,0,0.0222,21679828,0,0.0222,21679828,1
CZ,Czechia,Love,01,1,0.0388,30503113,1,-0.0388,30503113,1
CZ,Czechia,Love,02,4,0.0388,5882558,4,-0.0388,5882558,1
CZ,Czechia,Love,03,5,0.0388,35185905,5,-0.0388,-35185905,1
CZ,Czechia,Love,04,6,0.0388,19241548,-6,-0.0388,19241548,1
CZ,Czechia,Love,05,7,0.0388,13701001,-7,0.0388,13701001,1
CZ,Czechia,Love,06,5,0.0333,32890820,-5,0.0333,-32890820,1
CZ,Czechia,Love,07,5,0.0222,9014058,-5,-0.0222,9014058,1
DE,Germany,Love,01,43,0.0388,2107569,43,-0.0388,-2107569,1
DE,Germany,Love,02,50,0.0388,33975228,-50,-0.0388,-33975228,1
DE,Germany,Love,03,26,0.0388,16266722,26,0.0388,-16266722,1
DE,Germany,Love,04,26,0.0388,2922158,26,0.0388,-2922158,1
DE,Germany,Love,05,25,0.0388,12235791,25,0.0388,12235791,1
DE,Germany,Love,06,37,0.0333,21549778,37,0.0333,21549778,1
DE,Germany,Love,07,21,0.0222,3925914,-21,-0.0222,-3925914,1
DK,Denmark,Love,01,15,0.0388,20646066,15,-0.0388,-20646066,1
DK,Denmark,Love,02,3,0.0388,2578734,-3,-0.0388,-2578734,1
DK,Denmark,Love,03,12,0.0388,9839578,12,-0.0388,-9839578,1
DK,Denmark,Love,04,16,0.0388,20438904,16,0.0388,20438904,1
DK,Denmark,Love,05,5,0.0388,6767609,-5,-0.0388,-6767609,1
DK,Denmark,Love,06,8,0.0333,13826742,8,-0.0333,13826742,1
DK,Denmark,Love,07,5,0.0222,11412503,-5,-0.0222,11412503,1
EE,Estonia,Love,01,8,0.0388,9322452,8,0.0388,9322452,1
EE,Estonia,Love,02,13,0.0388,11532562,13,-0.0388,-11532562,1
EE,Estonia,Love,03,13,0.0388,36667669,13,-0.0388,36667669,1
EE,Estonia,Love,04,10,0.0388,14439659,-10,-0.0388,-14439659,1
EE,Estonia,Love,05,7,0.0388,28950230,-7,0.0388,-28950230,1
EE,Estonia,Love,06,7,0.0333,27281690,7,0.0333,27281690,1
EE,Estonia,Love,07,3,0.0222,10367894,3,-0.0222,10367894,1
EL,Greece,Love,01,0,0.0388,25938721,0,-0.0388,25938721,1
EL,Greece,Love,02,3,0.0388,12482148,-3,-0.0388,-12482148,1
EL,Greece,Love,03,1,0.0388,13884596,-1,0.0388,13884596,1
EL,Greece,Love,04,3,0.0388,7087712,-3,-0.0388,-7087712,1
EL,Greece,Love,05,1,0.0388,36701059,-1,-0.0388,36701059,1
EL,Greece,Love,06,4,0.0333,1873836,-4,-0.0333,1873836,1
EL,Greece,Love,07,3,0.0222,12770116,3,-0.0222,12770116,1
ES,Spain,Love,01,5,0.0388,38784046,5,-0.0388,38784046,1
ES,Spain,Love,02,9,0.0388,21369611,9,0.0388,-21369611,1
ES,Spain,Love,03,14,0.0388,17629546,-14,-0.0388,17629546,1
ES,Spain,Love,04,12,0.0388,8254034,12,-0.0388,-8254034,1
ES,Spain,Love,05,9,0.0388,37774687,-9,0.0388,37774687,1
ES,Spain,Love,06,7,0.0333,5726237,-7,-0.0333,-5726237,1
ES,Spain,Love,07,0,0.0222,8025347,0,0.0222,8025347,1
FI,Finland,Love,01,8,0.0388,38567996,8,-0.0388,-38567996,1
FI,Finland,Love,02,8,0.0388,29274066,8,-0.0388,29274066,1
FI,Finland,Love,03,8,0.0388,35648933,-8,0.0388,-35648933,1
FI,Finland,Love,04,6,0.0388,3343387,6,-0.0388,3343387,1
FI,Finland,Love,05,13,0.0388,15008953,13,-0.0388,-15008953,1
FI,Finland,Love,06,9,0.0333,29222854,-9,-0.0333,29222854,1
FI,Finland,Love,07,7,0.0222,20364148,7,0.0222,20364148,1
FR,France,Love,01,6,0.0388,2458297,6,0.0388,-2458297,1
FR,France,Love,02,12,0.0388,38009692,12,0.0388,38009692,1
FR,France,Love,03,5,0.0388,32567718,5,0.0388,-32567718,1
FR,France,Love,04,9,0.0388,34197486,9,0.0388,-34197486,1
FR,France,Love,05,8,0.0388,24597217,8,0.0388,24597217,1
FR,France,Love,06,9,0.0333,4379339,-9,0.0333,-4379339,1
FR,France,Love,07,5,0.0222,16486763,-5,0.0222,-16486763,1
HR,Croatia,Love,01,3,0.0388,21210731,-3,-0.0388,-21210731,1
HR,Croatia,Love,02,6,0.0388,32894802,-6,-0.0388,-32894802,1
HR,Croatia,Love,03,9,0.0388,30012487,9,-0.0388,-30012487,1
HR,Croatia,Love,04,7,0.0388,29525379,-7,-0.0388,29525379,1
HR,Croatia,Love,05,7,0.0388,15531753,-7,-0.0388,15531753,1
HR,Croatia,Love,06,12,0.0333,33161603,12,0.0333,33161603,1
HR,Croatia,Love,07,0,0.0222,19552388,0,0.0222,19552388,1
HU,Hungary,Love,01,18,0.0388,19928040,18,-0.0388,19928040,1
HU,Hungary,Love,02,2,0.0388,16565493,2,0.0388,-16565493,1
HU,Hungary,Love,03,17,0.0388,12958667,17,0.0388,12958667,1
HU,Hungary,Love,04,3,0.0388,35691155,-3,-0.0388,35691155,1
HU,Hungary,Love,05,16,0.0388,28304598,16,-0.0388,28304598,1
HU,Hungary,Love,06,8,0.0333,15048896,-8,0.0333,15048896,1
HU,Hungary,Love,07,8,0.0222,458061,8,-0.0222,-458061,1
AT,Austria,Love,08,8,0.0238,13083062,-8,-0.0238,-13083062,1
AT,Austria,Love,09,10,0.0238,9592639,-10,-0.0238,9592639,1
AT,Austria,Love,10,11,0.0333,16143290,-11,0.0333,-16143290,1
AT,Austria,Love,11,19,0.038,28833674,19,-0.038,-28833674,1
AT,Austria,Love,12,11,0.0333,16041059,11,0.0333,-16041059,1
AT,Austria,Love,13,8,0.0333,3475297,8,-0.0333,-3475297,1
AT,Austria,Love,14,10,0.0285,10004152,-10,-0.0285,10004152,1
BE,Belgium,Love,08,9,0.0238,18512772,9,0.0238,18512772,1
BE,Belgium,Love,09,16,0.0238,19022972,-16,-0.0238,-19022972,1
BE,Belgium,Love,10,17,0.0333,28211138,17,0.0333,28211138,1
BE,Belgium,Love,11,23,0.038,6776780,23,0.038,6776780,1
BE,Belgium,Love,12,15,0.0333,22946367,-15,0.0333,-22946367,1
BE,Belgium,Love,13,18,0.0333,5648993,18,0.0333,-5648993,1
BE,Belgium,Love,14,4,0.0285,2214807,4,0.0285,2214807,1
BG,Bulgaria,Love,08,2,0.0238,11535762,2,-0.0238,11535762,1
BG,Bulgaria,Love,09,2,0.0238,5161421,-2,0.0238,-5161421,1
BG,Bulgaria,Love,10,9,0.0333,2114529,9,-0.0333,-2114529,1
BG,Bulgaria,Love,11,8,0.038,37638032,-8,0.038,-37638032,1
BG,Bulgaria,Love,12,13,0.0333,8259968,-13,-0.0333,-8259968,1
BG,Bulgaria,Love,13,10,0.0333,5344851,-10,-0.0333,5344851,1
BG,Bulgaria,Love,14,1,0.0285,9442843,1,0.0285,-9442843,1
CY,Cyprus,Love,08,0,0.0238,5762750,0,-0.0238,5762750,1
CY,Cyprus,Love,09,1,0.0238,23604547,-1,-0.0238,-23604547,1
CY,Cyprus,Love,10,3,0.0333,14557578,-3,-0.0333,-14557578,1
CY,Cyprus,Love,11,0,0.038,33470754,0,0.038,33470754,1
CY,Cyprus,Love,12,2,0.0333,11210332,2,-0.0333,-11210332,1
CY,Cyprus,Love,13,1,0.0333,30671906,1,0.0333,-30671906,1
CY,Cyprus,Love,14,1,0.0285,14649702,1,-0.0285,14649702,1
CZ,Czechia,Love,08,9,0.0238,611090,9,-0.0238,-611090,1
CZ,Czechia,Love,09,24,0.0238,5375203,24,0.0238,-5375203,1
CZ,Czechia,Love,10,8,0.0333,23199304,-8,-0.0333,-23199304,1
CZ,Czechia,Love,11,10,0.038,32155369,-10,-0.038,32155369,1
CZ,Czechia,Love,12,19,0.0333,12110868,-19,-0.0333,-12110868,1
CZ,Czechia,Love,13,11,0.0333,28950708,-11,-0.0333,28950708,1
CZ,Czechia,Love,14,3,0.0285,27048464,-3,-0.0285,27048464,1
DE,Germany,Love,08,47,0.0238,20805532,-47,0.0238,20805532,1
DE,Germany,Love,09,57,0.0238,8657378,-57,0.0238,-8657378,1
DE,Germany,Love,10,13,0.0333,32538674,-13,0.0333,-32538674,1
DE,Germany,Love,11,6,0.038,27430384,-6,0.038,-27430384,1
DE,Germany,Love,12,9,0.0333,18823553,-9,-0.0333,-18823553,1
DE,Germany,Love,13,42,0.0333,24614006,-42,-0.0333,-24614006,1
DE,Germany,Love,14,29,0.0285,20270763,-29,0.0285,-20270763,1
DK,Denmark,Love,08,3,0.0238,10616709,3,-0.0238,10616709,1
DK,Denmark,Love,09,3,0.0238,22031459,-3,0.0238,-22031459,1
DK,Denmark,Love,10,12,0.0333,21822386,12,0.0333,21822386,1
DK,Denmark,Love,11,21,0.038,24402854,21,0.038,-24402854,1
DK,Denmark,Love,12,10,0.0333,14796821,-10,-0.0333,-14796821,1
DK,Denmark,Love,13,9,0.0333,13877932,-9,0.0333,13877932,1
DK,Denmark,Love,14,4,0.0285,1926919,-4,-0.0285,1926919,1
EE,Estonia,Love,08,4,0.0238,20653825,-4,0.0238,-20653825,1
EE,Estonia,Love,09,13,0.0238,2450009,13,0.0238,-2450009,1
EE,Estonia,Love,10,13,0.0333,7265379,13,-0.0333,7265379,1
EE,Estonia,Love,11,16,0.038,15262116,16,-0.038,15262116,1
EE,Estonia,Love,12,17,0.0333,16394680,17,0.0333,-16394680,1
EE,Estonia,Love,13,3,0.0333,12252153,-3,0.0333,-12252153,1
EE,Estonia,Love,14,3,0.0285,2644071,-3,0.0285,-2644071,1
EL,Greece,Love,08,2,0.0238,15014272,2,-0.0238,-15014272,1
EL,Greece,Love,09,1,0.0238,17998264,-1,-0.0238,17998264,1
EL,Greece,Love,10,1,0.0333,15956335,1,0.0333,-15956335,1
EL,Greece,Love,11,5,0.038,17674616,-5,0.038,-17674616,1
EL,Greece,Love,12,1,0.0333,30839025,-1,-0.0333,30839025,1
EL,Greece,Love,13,1,0.0333,12391242,1,0.0333,-12391242,1
EL,Greece,Love,14,1,0.0285,7277130,-1,-0.0285,-7277130,1
ES,Spain,Love,08,3,0.0238,17796928,-3,-0.0238,-17796928,1
ES,Spain,Love,09,3,0.0238,20339526,3,0.0238,-20339526,1
ES,Spain,Love,10,6,0.0333,3446945,-6,-0.0333,-3446945,1
ES,Spain,Love,11,9,0.038,14219955,9,0.038,-14219955,1
ES,Spain,Love,12,6,0.0333,19061337,-6,-0.0333,-19061337,1
ES,Spain,Love,13,2,0.0333,29872192,-2,0.0333,-29872192,1
ES,Spain,Love,14,3,0.0285,14977127,3,0.0285,-14977127,1
FI,Finland,Love,08,0,0.0238,12652611,0,0.0238,12652611,1
FI,Finland,Love,09,7,0.0238,5795755,-7,0.0238,5795755,1
FI,Finland,Love,10,8,0.0333,33162500,-8,-0.0333,33162500,1
FI,Finland,Love,11,6,0.038,33764922,6,0.038,33764922,1
FI,Finland,Love,12,10,0.0333,2094828,10,0.0333,2094828,1
FI,Finland,Love,13,7,0.0333,14543691,7,-0.0333,14543691,1
FI,Finland,Love,14,2,0.0285,24178551,2,0.0285,-24178551,1
FR,France,Love,08,6,0.0238,942129,-6,0.0238,942129,1
FR,France,Love,09,16,0.0238,20405555,-16,-0.0238,-20405555,1
FR,France,Love,10,19,0.0333,18894391,19,0.0333,-18894391,1
FR,France,Love,11,13,0.038,27838936,13,0.038,27838936,1
FR,France,Love,12,5,0.0333,17338680,5,0.0333,17338680,1
FR,France,Love,13,13,0.0333,14339419,-13,0.0333,-14339419,1
FR,France,Love,14,14,0.0285,22980046,-14,-0.0285,22980046,1
HR,Croatia,Love,08,4,0.0238,19916526,4,0.0238,19916526,1
HR,Croatia,Love,09,2,0.0238,9673538,-2,0.0238,-9673538,1
HR,Croatia,Love,10,3,0.0333,13336814,3,-0.0333,13336814,1
HR,Croatia,Love,11,6,0.038,36311978,-6,-0.038,-36311978,1
HR,Croatia,Love,12,5,0.0333,15965872,5,0.0333,-15965872,1
HR,Croatia,Love,13,0,0.0333,28260424,0,0.0333,28260424,1
HR,Croatia,Love,14,0,0.0285,15271913,0,0.0285,15271913,1
HU,Hungary,Love,08,6,0.0238,4133107,6,0.0238,-4133107,1
HU,Hungary,Love,09,9,0.0238,10449847,9,-0.0238,10449847,1
HU,Hungary,Love,10,10,0.0333,30530540,-10,-0.0333,30530540,1
HU,Hungary,Love,11,7,0.038,21521203,7,-0.038,-21521203,1
HU,Hungary,Love,12,5,0.0333,33071990,5,0.0333,-33071990,1
HU,Hungary,Love,13,9,0.0333,13017805,9,0.0333,-13017805,1
HU,Hungary,Love,14,3,0.0285,5887402,-3,0.0285,-5887402,1
AT,Austria,Love,15,8,0.2734,93457463,8,-0.2734,93457463,1
AT,Austria,Love,16,10,0.25,154038115,10,-0.25,-154038115,1
AT,Austria,Love,17,11,0.2707,22857027,-11,0.2707,-22857027,1
AT,Austria,Love,18,19,0.4756,35911317,19,-0.4756,35911317,1
AT,Austria,Love,19,11,0.362,201313745,11,-0.362,201313745,1
AT,Austria,Love,20,8,0.2545,79967800,-8,-0.2545,79967800,1
AT,Austria,Love,21,10,0.5,261015466,-10,0.5,261015466,1
BE,Belgium,Love,15,9,0.2734,87377699,9,-0.2734,-87377699,1
BE,Belgium,Love,16,16,0.375,168159242,16,-0.375,-168159242,1
BE,Belgium,Love,17,17,0.464,378602662,17,0.464,-378602662,1
BE,Belgium,Love,18,23,0.6486,8147657,23,-0.6486,8147657,1
BE,Belgium,Love,19,15,0.4827,234001682,-15,-0.4827,234001682,1
BE,Belgium,Love,20,18,0.5515,398908151,-18,-0.5515,-398908151,1
BE,Belgium,Love,21,4,0.2083,38364328,4,-0.2083,-38364328,1
BG,Bulgaria,Love,15,2,0.0781,42156779,2,-0.0781,42156779,1
BG,Bulgaria,Love,16,2,0.0312,17320396,2,-0.0312,-17320396,1
BG,Bulgaria,Love,17,9,0.232,38911314,-9,0.232,38911314,1
BG,Bulgaria,Love,18,8,0.2594,56392776,8,0.2594,56392776,1
BG,Bulgaria,Love,19,13,0.3218,71394835,-13,0.3218,-71394835,1
BG,Bulgaria,Love,20,10,0.2121,188496940,-10,0.2121,188496940,1
BG,Bulgaria,Love,21,1,0.0833,5750023,1,-0.0833,-5750023,1
CY,Cyprus,Love,15,0,0,0,0,0,0,1
CY,Cyprus,Love,16,1,0.0625,59545801,1,0.0625,-59545801,1
CY,Cyprus,Love,17,3,0.1546,120388761,3,-0.1546,-120388761,1
CY,Cyprus,Love,18,0,0,0,0,0,0,1
CY,Cyprus,Love,19,2,0.1609,23510232,-2,0.1609,-23510232,1
CY,Cyprus,Love,20,1,0.0424,18257808,-1,0.0424,-18257808,1
CY,Cyprus,Love,21,1,0.2083,4157369,1,0.2083,-4157369,1
CZ,Czechia,Love,15,9,0.3125,242640654,9,0.3125,242640654,1
CZ,Czechia,Love,16,24,0.4687,175832719,-24,0.4687,-175832719,1
CZ,Czechia,Love,17,8,0.3093,305260787,8,-0.3093,305260787,1
CZ,Czechia,Love,18,10,0.3027,35865467,-10,0.3027,35865467,1
CZ,Czechia,Love,19,19,0.5632,238265326,-19,-0.5632,238265326,1
CZ,Czechia,Love,20,11,0.2969,71963626,-11,-0.2969,-71963626,1
CZ,Czechia,Love,21,3,0.25,186966485,-3,0.25,-186966485,1
DE,Germany,Love,15,47,0.4687,100161965,-47,-0.4687,-100161965,1
DE,Germany,Love,16,57,0.3125,205799477,57,-0.3125,-205799477,1
DE,Germany,Love,17,13,0.2707,245268969,-13,0.2707,-245268969,1
DE,Germany,Love,18,6,0.1297,119799086,6,0.1297,-119799086,1
DE,Germany,Love,19,9,0.1609,146862791,-9,-0.1609,-146862791,1
DE,Germany,Love,20,42,0.5939,31814988,-42,0.5939,-31814988,1
DE,Germany,Love,21,29,0.5416,205274703,-29,0.5416,205274703,1
DK,Denmark,Love,15,3,0.0781,40323565,-3,-0.0781,40323565,1
DK,Denmark,Love,16,3,0.0937,19192681,-3,-0.0937,19192681,1
DK,Denmark,Love,17,12,0.3093,82234135,-12,0.3093,82234135,1
DK,Denmark,Love,18,21,0.5189,92275496,-21,0.5189,-92275496,1
DK,Denmark,Love,19,10,0.2816,275775550,10,0.2816,-275775550,1
DK,Denmark,Love,20,9,0.3393,149952050,9,0.3393,149952050,1
DK,Denmark,Love,21,4,0.1666,154367641,-4,-0.1666,154367641,1
EE,Estonia,Love,15,4,0.1171,104435774,-4,0.1171,104435774,1
EE,Estonia,Love,16,13,0.2812,203978510,-13,0.2812,-203978510,1
EE,Estonia,Love,17,13,0.3093,170758931,13,-0.3093,170758931,1
EE,Estonia,Love,18,16,0.5621,498551602,16,0.5621,498551602,1
EE,Estonia,Love,19,17,0.4827,285009515,-17,0.4827,-285009515,1
EE,Estonia,Love,20,3,0.1272,31028931,3,0.1272,-31028931,1
EE,Estonia,Love,21,3,0.1666,108488371,-3,-0.1666,108488371,1
EL,Greece,Love,15,2,0.0781,47394623,2,-0.0781,-47394623,1
EL,Greece,Love,16,1,0.0312,1686719,1,0.0312,1686719,1
EL,Greece,Love,17,1,0.0386,18499207,1,0.0386,-18499207,1
EL,Greece,Love,18,5,0.1297,42366176,-5,0.1297,-42366176,1
EL,Greece,Love,19,1,0.0402,3252422,-1,-0.0402,-3252422,1
EL,Greece,Love,20,1,0.0424,8127566,1,-0.0424,-8127566,1
EL,Greece,Love,21,1,0.0416,4785429,-1,0.0416,4785429,1
ES,Spain,Love,15,3,0.1562,46430078,3,-0.1562,-46430078,1
ES,Spain,Love,16,3,0.0937,11432556,3,-0.0937,11432556,1
ES,Spain,Love,17,6,0.1546,128348054,6,0.1546,128348054,1
ES,Spain,Love,18,9,0.2594,45139342,-9,-0.2594,45139342,1
ES,Spain,Love,19,6,0.2413,238738969,-6,-0.2413,238738969,1
ES,Spain,Love,20,2,0.1272,95099890,2,0.1272,-95099890,1
ES,Spain,Love,21,3,0.2916,30156279,3,-0.2916,30156279,1
FI,Finland,Love,15,0,0,0,0,0,0,1
FI,Finland,Love,16,7,0.1562,134194636,7,-0.1562,134194636,1
FI,Finland,Love,17,8,0.1933,91710641,8,0.1933,-91710641,1
FI,Finland,Love,18,6,0.1297,17041680,6,-0.1297,17041680,1
FI,Finland,Love,19,10,0.2816,194460533,-10,0.2816,-194460533,1
FI,Finland,Love,20,7,0.2121,120070318,7,0.2121,-120070318,1
FI,Finland,Love,21,2,0.0833,81624292,-2,-0.0833,81624292,1
FR,France,Love,15,6,0.1953,10831985,-6,0.1953,-10831985,1
FR,France,Love,16,16,0.4375,174775649,16,0.4375,-174775649,1
FR,France,Love,17,19,0.5027,328738428,-19,-0.5027,328738428,1
FR,France,Love,18,13,0.3891,102609534,-13,-0.3891,-102609534,1
FR,France,Love,19,5,0.1609,28105628,5,0.1609,-28105628,1
FR,France,Love,20,13,0.4666,388242875,13,-0.4666,-388242875,1
FR,France,Love,21,14,0.625,306278689,14,0.625,306278689,1
HR,Croatia,Love,15,4,0.1171,105507266,4,-0.1171,-105507266,1
HR,Croatia,Love,16,2,0.0312,7988632,2,-0.0312,7988632,1
HR,Croatia,Love,17,3,0.0773,73663520,3,-0.0773,73663520,1
HR,Croatia,Love,18,6,0.1729,99180871,-6,-0.1729,-99180871,1
HR,Croatia,Love,19,5,0.1206,92708608,-5,-0.1206,-92708608,1
HR,Croatia,Love,20,0,0,0,0,0,0,1
HR,Croatia,Love,21,0,0,0,0,0,0,1
HU,Hungary,Love,15,6,0.1953,49055586,6,-0.1953,49055586,1
HU,Hungary,Love,16,9,0.25,235230912,-9,0.25,235230912,1
HU,Hungary,Love,17,10,0.232,89683396,10,0.232,89683396,1
HU,Hungary,Love,18,7,0.2162,153501367,-7,0.2162,-153501367,1
HU,Hungary,Love,19,5,0.1206,118867993,-5,0.1206,-118867993,1
HU,Hungary,Love,20,9,0.2969,29494815,9,-0.2969,29494815,1
HU,Hungary,Love,21,3,0.1666,163078455,3,-0.1666,163078455,1

